-2.599741854461468105e+00	6.844382040832807101e-01
-3.216593159622047171e+00	4.668839762612634892e-01
1.456755787335835439e+00	-1.470109464117034470e+00
1.024450748931756250e+00	-1.061147900664380916e+00
-3.195504404705119317e+00	8.152162027126522714e-01
4.646259432333241790e-01	2.041528129971399430e-01
2.040761961000142344e-01	2.196821463252497941e-01
-3.813194695667184941e+00	4.063397026264647494e+00
-2.437861832325684208e+00	2.019320760127901071e+00
2.847146166828440905e-01	7.755695168802094475e-02
-3.064480316943771321e+00	9.786793919866410008e-01
-2.291030187340496571e+00	2.599476302952775431e+00
-2.971898138245257392e+00	3.410488354518081078e+00
-2.105933507561475349e+00	2.271628845337560154e+00
-2.689918790043010599e+00	3.022133404586766492e+00
-3.264073675476269809e+00	3.771207364841927312e+00
-2.790907210824245421e+00	-2.821556468433775722e-01
-2.455678688643969210e+00	4.934027094291963955e-01
-2.930687113879247629e+00	6.059592580588880617e-01
-2.907060984534874937e+00	3.442775739836887894e+00
-3.859946405756170318e+00	4.284575979250362820e+00
-2.030351551234450991e+00	1.776728944903189555e+00
-3.013839546665492364e+00	9.516605025669216955e-01
-2.224743750571051226e+00	-3.734019363689589088e-01
-3.491544200760628769e+00	1.709706372826666820e+00
-1.684724992396740673e+00	-1.655226969549745464e+00
-3.807743140859830788e+00	2.215466905304401379e+00
-2.001295008664589314e+00	1.988021554623181864e+00
1.337191508381938565e+00	-1.509075526089135089e+00
-2.103636425391938847e+00	-3.656069062625833532e-01
-2.686906908311795239e-01	-7.938447398574456637e-02
-2.298489285801414983e+00	-4.753128619915268360e-01
-1.589264427610709518e+00	-1.490216859713064501e+00
-3.878460126961299270e+00	2.384111372451912736e+00
-2.274568941986355952e+00	1.941903277723295185e+00
-3.200649065935964099e+00	3.758437721787155628e+00
-3.104495929777873364e+00	3.451449270819946680e+00
-4.019398083253054033e+00	2.100644965635714012e+00
1.181099211606443378e+00	-9.411361851970796444e-01
-3.924029937966553305e+00	4.917679446811364485e+00
2.921136459932729620e-02	1.128178954467423445e+00
1.214036316873739363e+00	-1.367404767424425405e+00
-3.580741341790345089e+00	2.054141683391987439e+00
-3.536744612103589702e+00	1.959006436107969096e+00
-3.327629204514555905e+00	3.467930030142063025e+00
-1.932688608153794396e+00	1.936043481141211497e+00
-3.277002576089720787e+00	1.786366607469564771e+00
-3.999753413895644982e+00	2.003063703149938757e+00
-2.593617397109731382e+00	2.667468859711328300e+00
-3.018271875262514392e+00	2.909630276161382145e+00
5.967905490195516416e-01	-6.290489802814537290e-01
-3.328826291305394314e+00	1.071285735767904868e+00
9.218770486291660848e-01	-4.016376225830628477e-01
-3.239261897701678272e+00	3.190475552749426402e+00
-3.453657665505497132e+00	9.590941711373031087e-01
-1.643603640272661703e+00	1.077101517376007234e+00
-3.946000307989878220e+00	1.969346310360469143e+00
-3.735750670068622714e+00	1.796580784995754243e+00
-1.377287700440523066e+00	7.804135902991707896e-01
-2.552243061185245132e+00	2.189609586975278521e+00
-2.135206177020630758e+00	1.774711880737380287e+00
-3.619692752893763021e+00	4.280832758363843915e+00
-7.372932215782986853e-01	1.908017821394551117e+00
-2.899342013868712264e+00	3.642648616320345312e+00
-2.997022400328960057e+00	3.002948198932647639e+00
-2.657290868065167899e+00	2.566414424898721958e+00
-3.018330868856959892e+00	2.912367932842530482e+00
5.824380125692861787e-01	4.934691639084162057e-02
-2.860493873621406280e+00	3.129356928702298896e-02
1.410754199053238622e+00	-1.891747847896963819e+00
-2.740911918728428542e+00	2.502068134020366763e+00
1.848152126688654695e+00	-2.249091674173911759e+00
2.309798660360021572e+00	-3.060214951942917594e+00
-4.431305587088557374e+00	2.495991808502155074e+00
-2.628913973313194319e+00	2.599600613625117962e+00
-2.702226068286833094e+00	2.408056174212610312e+00
-2.564366521238588881e+00	2.731081433003686776e+00
-2.065364200199319544e+00	1.939986432514721137e+00
1.448016487643690287e+00	-1.827282877045654619e+00
-1.878998476647711025e+00	1.692262992856263137e+00
-1.791735500262422009e+00	1.383923907211750626e+00
4.143567335248075634e-01	-1.481548121333382262e-01
-3.042068766742536567e+00	3.451548822981091114e+00
-1.165055214097716174e+00	1.137061933582616424e+00
4.102474800138469213e-01	-2.868770784269147889e-01
1.284483913105093578e+00	-1.562024247499556484e+00
-3.362285222686558050e+00	1.499545244674354239e+00
-4.554070853767889560e+00	2.710067359220727390e+00
-2.301061283956558068e+00	1.996461979293417954e+00
1.266967347135955269e+00	-9.756335529974866638e-01
-3.500797755259420274e+00	3.489448477745694888e+00
2.239555491496908690e+00	-2.495246488493095605e+00
-3.622801492355770758e+00	4.639456379655373830e+00
-3.378386554250399243e+00	8.335298895491580762e-01
1.982087117920310337e+00	-2.648332047899335961e+00
-2.647591716227073011e+00	2.620461907672611002e-01
-1.569204751031863188e+00	1.683989359758914173e+00
-9.554735078389922087e-01	1.020000078839711222e+00
-3.337861238449335133e+00	1.226942390114901027e+00
-2.777689528720706846e+00	2.670964319741210513e+00
-2.679969997623417477e+00	-1.614238896941522228e-01
-1.836334928600372507e+00	2.522100111624705931e+00
6.901233121580779839e-01	-2.283459114591240013e-01
-3.788446512670714306e+00	1.391185345317502708e+00
-2.644556604238242237e+00	2.999841792588672895e+00
-4.108186223560570838e+00	1.960538558636364836e+00
1.216405780351246468e+00	-1.191516995475486507e+00
-2.895477718318755223e+00	5.627588479339356020e-01
-3.263601309593092914e+00	4.086468138892471735e+00
-2.360745919472326371e+00	-1.453904412948070768e-01
-2.617194712531363709e+00	3.027116197752783844e+00
-3.453204764306344821e+00	1.884234351803914631e+00
-2.566749617749972234e+00	-2.203872037684257434e-01
-3.943896222044006361e+00	1.647341932687244714e+00
5.327012466015104142e-01	4.531166004031561001e-01
-3.160767825002828157e+00	3.656121713177289845e+00
1.532568819030092899e-01	9.442909723232637553e-01
1.998399289755757646e+00	-2.806700214757206435e+00
-2.598178661451812310e+00	2.828134634736843900e+00
-3.285054333700630380e+00	3.288017335480413639e+00
8.766120826531483834e-01	-1.283435408327903371e+00
-2.747074406241859723e+00	2.284140784456988982e+00
-3.450933611772788012e+00	1.424984309009415195e+00
-2.986879689408656446e+00	7.988133436275733912e-01
3.780537996105797216e-01	-4.677166980026441490e-01
-3.121431432664296679e+00	8.423011998899079256e-01
1.530282243180735691e+00	-1.503645304437541297e+00
1.542435856153783647e+00	-1.033158533323968564e+00
-2.094952549731370350e+00	-1.059773635640172573e+00
1.787247439199697308e+00	-1.975821649795215462e+00
8.149827273154813811e-01	-2.508073052765982247e-01
-2.882130047595067524e+00	3.254890010988508831e+00
-3.157057050110876784e+00	8.700587763476590464e-01
-2.409294090903557617e+00	2.732929203272727037e+00
-2.197501615251787221e+00	1.699100798712728899e+00
-2.483564525262044853e+00	2.673765330992199818e+00
1.246532746817118342e+00	-1.183133095416845748e+00
1.343652817900563567e+00	-1.592913871082533683e+00
-3.465960475221175674e+00	1.336422730463063369e+00
1.428612448334293683e+00	-1.429479984422488359e+00
2.117069094764380210e+00	-3.135006559010414140e+00
-1.520997938788879900e+00	1.322599859376877296e+00
-3.528747656378254494e+00	4.304123712028809834e+00
-4.354948836932348577e+00	4.643738184943381420e+00
1.096753893905264121e+00	-1.012156114386356665e+00
-1.767508219431939587e+00	-4.308533327777280264e-01
-2.873170967626593963e+00	1.433410575145315224e-01
-3.837939645805841238e+00	1.928189220608417020e+00
4.053933732966639725e-01	2.828004244969927750e-01
2.547794089638664161e-01	-1.967949355909624498e-01
-2.397988659777764653e+00	9.805442279915853321e-02
-2.313093987667472096e+00	2.014885443823822619e+00
2.495425800829869534e+00	-2.861066542703946780e+00
2.018498697726401669e+00	-1.924388231669668992e+00
1.793483081638542975e+00	-1.771980792672475991e+00
-6.114075136446636138e-01	1.311924510098132046e+00
9.349567973191280634e-01	-7.770650194538862854e-01
-3.469385301880361094e+00	1.688852098476106622e+00
1.075566619542046132e+00	-9.538367988782007201e-01
2.141222292471290090e-01	-4.954296623905461022e-02
1.825274949729064067e-01	7.086051061701185150e-01
6.247426685589487771e-01	-7.496573461705942076e-01
-2.252827218832211376e+00	3.957401846573020965e-01
-3.775760226406945197e+00	3.877378546563242434e+00
1.723856531483467736e+00	-1.585879283276784069e+00
9.568408954728695459e-01	-1.113544111771291423e+00
1.782472623544979262e+00	-1.194139049200189984e+00
2.404224289112870394e-01	1.812873993051159760e-01
-2.864577862664695829e+00	3.465796116935893956e+00
1.747527630725374648e+00	-1.520067845544417429e+00
-2.352201561396592755e+00	3.002127044921912180e+00
-2.586629876287101393e+00	2.523847214720130072e+00
-3.625061724761371895e+00	4.337499025738082992e+00
1.487250572352446287e+00	-1.528971741194755207e+00
-3.183304683126828571e+00	3.434995393960318388e+00
1.240478879432482362e+00	-1.022631005728601439e+00
-3.091634675974935575e+00	3.284257104382901638e+00
1.340464813029168534e+00	-8.178254375006840382e-01
-3.148422037431229281e+00	1.147369454929343613e+00
-1.039315447191128561e+00	4.546821618627542860e-01
-2.390324620112370457e+00	2.585554879892016711e+00
-2.329945778416114166e+00	2.347801136790055310e+00
-2.421240833272769954e+00	-2.556710803706728763e-01
6.898153161143727452e-01	-3.149778660426770238e-01
2.082601507016160536e+00	-2.387734683377751743e+00
-2.821603728727708926e+00	3.565746530915244517e+00
1.706918934722612580e+00	-1.311037745057376247e+00
-3.835351126232365182e+00	2.088404911303391120e+00
-2.203094809993566550e+00	-8.267447947425418109e-01
8.710156141000877650e-01	-4.729970271421877759e-01
-3.596154282742717978e+00	1.269935363113924520e+00
-4.704887683188224479e+00	3.044618038233804835e+00
-1.787023511678993426e+00	-1.673028846800600933e+00
2.173816363948596064e-01	3.516627423074870640e-01
-2.094079798298222883e+00	-6.705362434170315522e-01
-5.052084271751316358e+00	3.447657292268836215e+00
-2.331757732730747712e+00	2.706255767161392711e+00
8.568984638104056861e-01	-8.226920592449086245e-01
-2.397257181481364352e+00	2.427865566704223710e+00
-7.903257271937689232e-01	2.246330637232993865e+00
-2.748334496111658254e+00	-1.732635736555936112e-01
1.722059989106279554e+00	-2.111142286656669587e+00
-3.267959683437879015e+00	3.223751024563991763e+00
1.094215968259808047e+00	-6.995133473699005622e-01
-2.830496068663874265e+00	5.021464197720125755e-01
-3.570182998243455863e+00	1.799432656066233038e+00
-9.925287846451849028e-01	8.867599033578718037e-01
-3.540961272518224234e+00	3.770220465358373296e+00
-3.343458640153620820e+00	9.177153319419146804e-01
-3.723463522994582497e+00	4.532721531268645521e+00
-2.355738319543413617e+00	2.500972633589962357e-02
-2.188316757017501057e+00	2.039461739091379844e+00
-3.658736871391225609e+00	4.391884797170362731e+00
-2.687202860842514252e+00	3.030888760417114192e+00
-3.890575518469938210e+00	1.849273026585642077e+00
-4.255363416158624901e+00	2.863653356907291503e+00
-2.013046323914247926e-01	5.574147484645886053e-01
-2.486377091154475583e+00	2.808651915721193326e+00
-2.904550353233375404e+00	2.799739877444568315e+00
-3.014215982856927489e+00	1.228171931770212000e+00
-3.332591792403481801e+00	1.650410508684652777e+00
-3.510880761977437814e+00	8.670652364532283052e-01
-1.485085590851445980e+00	9.674319486674317625e-01
-1.807567263103712962e+00	1.480202741197501837e+00
2.887123523042816609e-01	-1.495527472939147395e-01
-5.289162164850339659e-02	7.953089832209606636e-01
3.498427118688181015e-01	7.708362513188478093e-01
-2.292497372412961365e+00	2.182533201377219179e+00
1.256730772461493117e+00	-1.547559293448201201e+00
-2.509408825653186348e+00	5.041738482016322465e-01
-2.992305398339535571e+00	1.150101475653833027e+00
-3.290220104094837339e+00	1.011850907269095323e+00
-1.352805786392281828e-02	3.866264936936366081e-01
1.527005239862915920e+00	-1.047802188880508689e+00
-3.173607304620468028e+00	3.403608765273643755e+00
-4.315551133370921555e+00	2.794551502841044144e+00
-4.604791316517677480e+00	2.827863074334600046e+00
-2.551265670085772985e+00	2.378327151793887761e+00
2.836941500589172716e+00	-3.394467010502407511e+00
-3.373072922118125927e+00	1.209720095389295924e+00
4.732260172140210774e-01	-2.055970393081749670e-01
9.442673372945855625e-01	-8.313165577131638173e-01
2.677593235155394935e-01	-4.874645025109389761e-03
-3.535770522987787601e+00	1.469701931200756428e+00
8.214319685730444576e-01	-3.101132044109969899e-01
-2.370112790135197489e+00	2.221080146111083842e+00
-2.540044511393074078e+00	2.856464325763589773e+00
7.519806399307392697e-01	-8.300065843357079531e-01
1.874507030330319624e-01	3.339670089617205462e-01
-3.329266089843243570e+00	3.500727017435104393e+00
1.975478393747635453e+00	-1.994748370107727764e+00
-3.174447984640307308e+00	3.081191245992255023e+00
-3.264569817422867004e+00	3.244953571551364657e+00
1.645728187161988210e+00	-1.928084186300541125e+00
-2.181089139458812998e+00	-4.063134834718096777e-01
1.347900851864109351e+00	-1.573991966554919797e+00
8.922962872374224919e-01	-3.181707195157540968e-01
-3.474136311879600036e+00	3.967957831575241734e+00
-4.421637527296093495e+00	2.442810157613879873e+00
-2.802220357949397833e+00	2.901396848856052202e+00
-3.316956327517286418e+00	3.443452890891922635e+00
-3.803144991442449552e+00	1.982921618491411353e+00
-2.352475862882662305e+00	2.790732673888966620e+00
4.214166164682970339e-01	2.195829078099964804e-01
-1.311496166009214814e+00	1.114657214715155220e+00
-1.983938668485967227e+00	2.099045701458218893e+00
1.988582822770935676e-01	-1.186381423854940137e-01
-2.342841866227109549e+00	-4.669762576726016468e-01
-2.877405201351123765e+00	2.562863613901018134e+00
-2.810322369085795025e+00	2.972327219804729026e+00
-3.236463663285621184e+00	3.106158351737395407e+00
-4.181160446549758269e+00	2.173687942604003887e+00
-3.047434864302179136e+00	3.034024479272041663e+00
-2.862003740681673403e+00	3.249208718187364564e+00
1.177689609312663421e+00	-1.250349127620862921e+00
-2.530464867266131179e+00	-4.092191823787670324e-01
-3.808300970729799673e+00	1.904803199959240523e+00
-2.327698017850836187e+00	-2.250707653152896615e-01
-4.399715340579964717e+00	2.353840585333218272e+00
1.363474678451420452e+00	-1.819204467786366353e+00
1.246518558506668262e+00	-9.619616484775358467e-01
-2.440430882569094795e+00	-7.713807154307212866e-01
1.061105065431874328e+00	-1.020696838820892127e+00
-4.016848808309287477e+00	2.010271858878517115e+00
-2.551451310533611405e+00	2.308729955773333842e+00
-3.288024291476219663e+00	3.623752159420061236e+00
-3.327280788550470270e+00	2.995265982421830397e+00
-2.691585463230717234e+00	2.554679890816392795e+00
-3.012333378088493330e+00	3.275448392991194613e+00
-3.508840152605997353e+00	1.587719057717009719e+00
1.355058157139585884e+00	-1.940499868373084524e+00
-1.760457614806310467e+00	-1.001510856373277303e+00
1.931478518704456082e+00	-2.029549806893053976e+00
-4.881413867755145297e+00	3.457679063924830043e+00
-2.155321357139778904e+00	1.981559187024248603e+00
1.686527205711826793e+00	-1.617403099780155840e+00
1.444137481779687038e+00	-1.039633412701806980e+00
-2.201957053173117629e+00	2.667216926646301278e+00
-3.254236354812038101e+00	3.249251580372340076e+00
-8.482993265384912718e-01	2.279081175648137059e+00
6.540756679092545323e-01	-2.259336011901846575e-01
-2.033052215577786814e+00	1.557133126406034407e+00
-1.948233331180352135e+00	1.950925874770778945e+00
9.411457970591198263e-01	-4.044586127929119534e-01
-3.417327998468622674e+00	1.404054599310675222e+00
-3.970161117126677297e+00	2.485021525456434066e+00
-2.767914967597363773e+00	2.812374627064377020e+00
7.815701030084555301e-01	-7.181188558997309013e-01
-2.839052960182330221e+00	6.180982649669423123e-01
-2.163283268966382344e+00	2.171604920918190018e+00
1.745318542722869237e+00	-2.465767779474943744e+00
-3.455461855201010124e+00	1.887976105184227205e+00
2.147939589750833100e+00	-2.085704443707785405e+00
-2.643434314938970520e+00	2.305534118218234507e+00
-2.982689525024703414e+00	1.204672904074000739e+00
1.205968612855081501e+00	-4.784097693253888117e-01
6.457451380915809613e-01	-2.422459853799530383e-01
-1.817151931293883971e+00	1.579044423899886196e+00
-2.903274781092471279e+00	5.137402432128331808e-01
1.236954355207817491e+00	-1.490830291393324902e+00
-3.691719020659142370e+00	4.216275095552882490e+00
-3.982743303471763419e+00	4.478624541989244534e+00
1.628973595515951223e+00	-1.942599171606410602e+00
1.020520786788238876e+00	-8.294672643684519731e-01
-3.423831257397183858e+00	3.731242202329907887e+00
1.983519859181893441e+00	-2.379995873693471431e+00
-3.035726579283992699e+00	3.506327854897692831e+00
-3.124476480098734577e+00	1.071761217693419699e+00
-2.921097841215227309e+00	3.752395999687535566e-01
2.005304039805704264e+00	-1.828898528915518407e+00
-2.490971473494904220e+00	5.385383064706606993e-01
1.746121946806429515e+00	-2.028147138188964416e+00
-1.646709725244027034e+00	1.516419702004601744e+00
-3.071295087755993691e+00	8.423031749591904926e-01
4.561878306323763343e-01	-8.714029522748740764e-01
-2.260243165541958366e+00	2.237562482669566144e+00
-3.631959221092423640e+00	3.862117529389973214e+00
-2.627532936731621138e+00	3.872289043170343836e-01
-2.768610443644249131e+00	1.150264333101823855e+00
-3.957098631976538883e+00	4.050946110233237363e+00
7.766390573478676451e-01	-6.115581316439255843e-01
-3.368335205035543289e+00	9.243825482130093585e-01
-2.535344106516688178e+00	2.291779254584051628e+00
1.122359538244136479e+00	-7.884767768541046662e-01
-3.651081663426331669e+00	1.316383735130502108e+00
-2.267577211137205673e+00	-6.936437499489284120e-01
-4.736578383361146116e+00	5.650347509757715159e+00
-3.354011719647305600e+00	1.058307839798586558e+00
2.514256204380153625e-01	-3.098338393000120081e-02
1.902778785589496202e+00	-1.134386209202161044e+00
-6.766895358665503402e-02	6.664222658024652191e-01
6.409539204897630738e-01	-6.845101369740168584e-01
-3.184031132812793707e+00	8.303469676213608430e-01
-4.487031319288384168e+00	4.425848480108983907e+00
-1.577572343055184678e+00	-1.334156535199120253e+00
6.596265472792592899e-01	-2.206467193322732973e-02
-3.342976285705614004e+00	3.280281694907158929e+00
7.012222030642750736e-01	-6.216031443474325791e-01
-3.506420531662005402e+00	4.257534630361789141e+00
2.733555423674310370e-01	2.309561352960868771e-02
-2.349113457765901636e+00	2.137500267593130499e+00
-3.453989825413589454e+00	1.443831754764740571e+00
-3.837720584359210818e+00	2.049867562947099930e+00
-2.703736842179443212e+00	6.248644933223259645e-01
-3.762853609911706254e+00	1.303312355626782715e+00
-2.658901696044631890e+00	9.139969812782032799e-01
-3.106401221171477545e+00	1.255853750451081829e+00
-1.521519996648929007e-01	8.531321841154252406e-01
-2.055383168684942863e+00	1.842755494639419123e+00
-3.703881252998979079e+00	2.022611085811510279e+00
5.628967585291495546e-01	2.310429775141170927e-01
-3.651839323147283434e+00	4.492177290322356242e+00
-3.560948906052556318e+00	1.573065692099736568e+00
-2.429685974888338151e+00	-4.925640807100317153e-01
-3.156472607307299505e+00	4.900844843589099442e-01
1.669220174181009764e+00	-1.870646716144419797e+00
-3.435432207658384751e+00	3.549018145468700869e+00
-3.145823144354461753e+00	1.154214538922968325e+00
2.356103488907193011e-01	-3.389123264189916607e-01
4.026586924888605340e-02	7.715513903075725821e-01
-1.735009646444380937e+00	1.625155541193984199e+00
7.387488903873538071e-01	-7.681383993876124139e-01
1.896990130810698005e+00	-2.162083844549805178e+00
6.731936037363740466e-01	-2.285712632304064684e-01
-2.601557365121467846e+00	2.982511797410090981e+00
-3.825573596826941536e+00	4.804727481361662278e+00
-2.961837609083513012e+00	1.028133794565327941e+00
-6.001467500013505374e-01	8.919600452599644180e-01
2.597444117724589246e-02	9.468142880602362643e-01
1.169163213451220207e+00	-1.239932226846648167e+00
-2.674175573756656821e+00	2.960318650088980430e+00
-4.889634328644945960e+00	3.393014844420324749e+00
-2.902168054806551378e+00	3.010236656700841618e+00
7.158115420701240961e-01	-4.742439088386499191e-01
-4.122128557666616899e+00	4.837939913728433794e+00
1.738922750759325897e+00	-2.131887162452297702e+00
1.057129732973881991e-01	3.378469133757892040e-01
-3.025601181074808910e+00	4.964164605636500749e-01
-3.015761812429741617e+00	4.671094558515304640e-01
1.056157565968129708e+00	-1.015881991693853070e+00
2.139934461337948512e+00	-2.624298487416570680e+00
-2.093110621970061036e+00	1.112493661406634526e+00
-2.345582613310439601e+00	8.093177431435798208e-02
-3.370837965244386947e+00	1.342885931293008595e+00
1.554411396599687967e+00	-1.381947095724304519e+00
-3.508502254843991253e+00	1.634033104269476677e+00
-3.509817795087228465e+00	1.781421601116603304e+00
-2.820345997787844894e+00	3.795885636999194457e-01
-2.449467399044817473e+00	2.723350902665051976e+00
-2.423521238543408174e+00	2.069238207121292472e+00
-3.177712098847442324e+00	3.583242387512702631e+00
8.158420699562942691e-01	-3.495206274264070490e-01
-1.892014726931165791e+00	-5.733861318720464562e-01
1.499324224076778567e+00	-1.521058729615186955e+00
-3.706885830800505488e+00	4.108675333337247437e+00
-3.582504955174831363e+00	1.179500319964059463e+00
-3.710642627003478466e+00	2.118640057963765422e+00
-1.979096390003293848e+00	2.258058403142501280e+00
-3.964903871515350176e+00	2.393907674855550560e+00
-2.262494249629116272e+00	1.423830251270474800e+00
6.992391644078440605e-01	-6.730467453857948146e-02
-3.367242359411973140e+00	1.335457555649169681e+00
-2.764317482761586842e+00	5.580331572071243196e-01
1.020443839770048156e+00	-8.264169469106990018e-01
-2.893099509202182951e+00	8.681494417410809961e-01
-3.390617534608900918e+00	1.423190403838819007e+00
-3.986138124243624237e+00	4.438594432711778559e+00
-3.357522031608022317e+00	1.459369307084668943e+00
-3.518578447331646153e+00	3.746986089280834875e+00
-3.383223084014084225e+00	1.806017834505580844e+00
-3.117865338750721804e+00	3.243762269929211683e+00
-2.187203309435113763e+00	-1.032776492282553998e-01
-1.832278933659831521e+00	1.594044589133445822e+00
9.077836168878198331e-01	3.081768432115160050e-01
-2.394950248606775745e+00	2.536672505629799179e+00
-3.147553769372790633e+00	3.244928258301260193e+00
2.681600088714962027e+00	-2.891321800072517600e+00
-2.943705915035735199e+00	3.160138289819936386e+00
-3.381633949134575268e+00	3.650939264595403078e+00
1.598245266907897255e+00	-1.538779858953962076e+00
-4.712508252327582525e+00	5.253161218863493076e+00
-2.003683585047617122e+00	2.486199949372422502e+00
-2.257583289196472442e+00	-2.836539218569746890e-01
-1.583385500649195476e+00	1.214013583104840865e+00
1.534931171052169807e+00	-1.484096961684462368e+00
1.181853498446507889e+00	-7.542818415585236247e-01
-2.092373536657229138e+00	8.052540950044178025e-01
-1.777324221096863166e+00	1.833293685020903396e+00
7.367248206991721116e-01	4.325054413369450734e-01
-4.024658400907571654e+00	4.194187500865494300e+00
-2.499556290304494333e+00	-7.132813819620126283e-02
-4.153572514928838721e+00	1.801306556327245678e+00
-3.126217296990986494e+00	3.775137621924633979e+00
-3.339728339581274685e+00	6.719508456316714007e-01
-2.473545968994093958e+00	2.635734101286892006e+00
2.452360481340733145e+00	-2.897056913137962653e+00
1.603379053483765249e-01	3.400430105370871314e-01
-4.138005141469435877e+00	2.008596273297448498e+00
-2.379800899906208411e-01	5.577389362996040267e-01
1.171815920061231031e+00	-1.338538964994347991e+00
1.748412480110270506e+00	-1.605880547029777450e+00
-2.346416522410225802e+00	2.798559496745852027e+00
-2.779043746100961609e+00	2.607694999181738194e+00
-2.302379319662773760e+00	3.008498512335251451e+00
-2.741968336242429416e+00	2.723079333773915423e+00
-4.088088117955825496e+00	2.072528438673626461e+00
-2.531791838668830064e+00	-6.456597219037513158e-01
-2.022768387082122921e+00	1.546441014103819178e+00
8.396916485217775783e-01	-6.513131922282313635e-01
-2.885699286300058120e+00	2.420792481628834536e-01
-2.889894278903414992e+00	2.777228402633491910e+00
6.790315502080639387e-01	-7.652369360596992243e-01
-4.508360812448539257e+00	3.195967625369811049e+00
6.861226418258388193e-01	-5.325710198766138159e-01
3.931898833220793255e-01	7.369702883291474882e-02
-2.575518395675330474e+00	3.190494225114179461e+00
-2.756226644755650934e+00	2.967337373548807999e+00
-3.601421441075366214e+00	1.217712211997655114e+00
-4.121710987401209003e+00	2.105702981040443955e+00
-3.363739726682922981e+00	1.298424081553199105e+00
-3.878514871817208665e+00	4.824163171597803057e+00
2.036146718073775508e-01	6.503894544196548999e-01
-2.545636055643957452e+00	2.671744109795919808e+00
-3.037008701656251031e+00	3.615233547198462571e-01
4.813366012924480408e-01	-2.767774853333859197e-01
-3.131621552171527600e+00	3.634975723892174049e+00
1.851257785346001716e+00	-1.883725218900046183e+00
-2.664957401374799861e+00	2.992262042531696586e+00
-3.600004586722118205e+00	2.566125601286414426e+00
7.442463514558020909e-01	1.654838905044209996e-01
-1.848500080166134651e+00	-4.960493036455765892e-01
9.128264404753837491e-01	-5.185442279115456410e-01
-2.447236037883397941e+00	-2.634894704384654895e-01
1.178957054272579130e+00	-7.317086445249507687e-01
-2.206817267519464387e+00	2.188823708171436344e+00
2.456597908309124723e+00	-2.513628033090741010e+00
-3.076752041771239732e+00	8.184241939220001649e-01
-2.850707369142671421e+00	2.922519168448839633e+00
-2.890750562648654931e+00	3.384619557968667092e+00
-4.463925445667639380e+00	3.029335928424857105e+00
-3.905010865276533405e+00	2.166653503322482077e+00
3.832346720906926740e-01	-2.021640752230138560e-01
9.300923834613010754e-01	-5.330072516912415237e-01
-2.638583529126085736e+00	3.099096587684147863e+00
-3.148060744165065206e+00	3.443566167253466315e+00
-2.630027361118217222e+00	2.940177831060567737e+00
-3.404721845133837910e+00	1.311358747090615839e+00
-1.594548905030945818e+00	1.525460231284320400e+00
-3.243518907908091276e+00	1.357266460067124259e+00
9.796549160305496606e-01	-1.071444501739913457e+00
1.452160444621451552e+00	-9.391306138778767743e-01
-3.705252151457755438e+00	3.769392401218885968e+00
-3.781520986692437081e+00	4.123050419733681693e+00
1.644167467989720466e+00	-1.527223501783764759e+00
2.062961765762039157e+00	-2.289042063296694351e+00
1.470286026322661366e+00	-1.759008468090166755e+00
9.158934007973665858e-01	-1.010174767682137098e+00
-3.434231100556302430e+00	1.258945700578534943e+00
1.378587982692765168e+00	-1.792660798020333290e+00
-1.327514103159376457e+00	8.978215857864640936e-01
6.321021986272108428e-01	-5.442737039601214244e-01
-1.834108834668508381e+00	-8.363426483721754234e-01
-4.500414522009544172e+00	3.137249465822769423e+00
-3.528714522002441178e+00	1.581956233115232591e+00
-2.660374886754048429e+00	4.093018323298618921e-01
-2.674583454206604927e+00	5.286518997916885843e-01
1.292195526190757171e+00	-8.326625744077676972e-01
3.442421382954019560e-01	5.183158999485958096e-02
-4.441481945591457148e+00	3.154790320105332668e+00
-2.909938038550135442e+00	4.704548840555043965e-01
3.703887185251513725e-01	-3.475724985195295935e-01
-3.395040116512233475e+00	2.748816800016315121e+00
-3.299883314274456136e+00	3.316542084042856775e+00
9.197597690804013570e-01	8.113484982918112154e-02
-2.968797963303605680e+00	3.724285440182408813e+00
-3.580234557794762740e+00	3.893048338066767755e+00
-4.345694030284839471e+00	5.065840806941357854e+00
4.641966776144020312e-01	-5.292561660069017293e-01
1.202543264723204164e+00	-9.711170490829654778e-01
9.635436550728192495e-01	-2.971663809268424439e-01
-2.573750161661878533e+00	4.841937274994120854e-02
-3.007471585067040376e+00	2.960506813885457778e+00
-3.272787176175194990e+00	9.181261475363253766e-01
9.368093759014801680e-01	-1.005983006281704784e+00
-3.772454751159385111e+00	1.839967110605696510e+00
6.736488227525126993e-01	-1.766673344391389011e-01
1.010902337261452510e+00	-1.225798411830919310e+00
-2.545414795714558309e+00	2.523506409860906685e-01
-1.902172615643666242e+00	1.761034748209979961e+00
9.270216719405460770e-01	-5.851053333172613335e-01
-3.198240749978617625e+00	4.135176721506907960e+00
-4.022064385963771471e+00	2.902203215573828654e+00
-2.533924652076085859e+00	4.618891709928926725e-01
3.198921328799460007e-01	2.644565882364329152e-04
-1.740881075239865794e+00	1.231503971581016765e+00
-2.826241980645649576e+00	4.618001049643568057e-01
2.452923346741109345e+00	-2.946678691312359266e+00
-2.766282779776338963e+00	4.845547956440446336e-01
1.040792762469967325e+00	-8.286070640457325887e-01
6.689650281343990645e-01	2.628546995674910930e-02
8.859675955363537359e-01	-6.126351046849097814e-01
1.483319398372985765e+00	-2.073171283706565227e+00
1.546376566367919647e+00	-1.964695289040398585e+00
1.600283395399036301e+00	-1.209334206563378533e+00
-2.200039248314391571e+00	2.159807416652603784e+00
-2.869151129996005078e+00	3.426125398607242634e+00
-3.572869836066574045e+00	4.136501915485829350e+00
1.678072312340814554e+00	-1.988521214087898725e+00
-3.938940820178690849e+00	4.373763179835769677e+00
-2.436343725192496201e+00	1.457521518264694338e+00
1.305710990853116149e-01	2.179033794493877574e-01
1.221547747512062854e+00	-1.018284139869322757e+00
-2.142349444753405052e+00	2.046730447663798635e+00
-2.612157468571734587e+00	1.437974273421652738e-01
-2.420542172332276198e+00	2.728506687924026619e-01
-2.435319500876436560e+00	2.661513235645132092e+00
-2.383172180348461122e+00	2.427238868074106382e+00
-3.382694038267977099e+00	1.303571859689092394e+00
7.925175028345986528e-01	-9.197158244262392257e-01
6.888706639023554068e-01	-2.519892310403489266e-01
-3.834465670142713556e+00	2.548414792479777535e+00
-2.078631045485942686e+00	2.006777457111556195e+00
1.410943164420891058e-02	7.133788077604531486e-01
1.249904695742729999e+00	-6.056474658581033621e-01
-2.735882769121685598e+00	3.185416441545014354e+00
-2.900040075661940442e+00	3.200679923365294055e+00
-3.759709820009283998e+00	4.811934408231985039e+00
3.865973475536583770e-01	-2.143977270328469298e-01
-2.924424146155061077e+00	5.251352578385696246e-01
-2.546643085536764328e+00	2.514207185476000195e+00
5.368056949184120130e-01	-4.954781142838058927e-01
2.102658405226692562e+00	-1.806899837109944507e+00
-2.567880455147240948e+00	1.126341776392049410e-01
1.530274767223978039e+00	-1.707504625814269206e+00
-2.532695351396815564e+00	2.679097881649581403e+00
-2.514698924064802554e+00	5.393157185476762372e-01
-4.065908920970567664e+00	4.922065796565099127e+00
-1.617203916912194339e+00	-1.393743445107209267e+00
1.349529098637743951e-01	6.662232728400107051e-01
1.112755633036525138e+00	-1.423233626828550591e+00
-3.417269233469614420e+00	1.611032244686189330e+00
-3.510305776466851491e+00	1.787084604076466743e+00
-3.042050233684110427e+00	1.481419014100957776e+00
-3.082657134138375721e+00	2.931528831234831323e+00
-2.945967255215272140e-01	9.053407429733549838e-01
-2.606689060979117567e+00	2.940885507751205274e+00
1.993003797026548396e+00	-2.370982185072990855e+00
1.186912008915546046e+00	-9.972514168972145265e-01
-2.955759374177986842e+00	3.367097142645045782e+00
1.126780655590381208e+00	-6.570388241776031757e-01
-2.609258765310138006e+00	4.093839423158095459e-01
-2.720298230121983352e+00	2.625836472629237139e+00
-2.278286547756907865e+00	2.384312700046099298e+00
-3.345546924324020566e+00	1.507199406999042424e+00
1.642121119779771599e+00	-1.951629194293103220e+00
-2.712620872910617820e+00	9.152620401446473486e-02
1.394005303299505671e+00	-1.298372544851189359e+00
-3.178750925023711371e+00	3.194931565714111965e+00
-2.618137490733323317e-02	2.725804999231871695e-01
-3.346983238564918750e+00	1.108002179277514321e+00
-4.039758184934699514e+00	4.444245354090105238e+00
-1.792974449755902144e+00	-3.223454949454883645e-01
-3.346796712787245553e+00	8.571698606248309149e-01
-3.322233422013723736e+00	3.296834539755956861e+00
1.498535834827151580e+00	-1.366212213773838391e+00
-2.813085892300376756e+00	2.569347664331993020e+00
1.955133653059533752e-02	-3.861297141933565241e-02
1.526484725507614160e+00	-1.442427486588620189e+00
1.995927255198281625e+00	-2.477281728560389418e+00
-2.065960388737911213e+00	-5.162024387882327980e-01
4.546180388736654754e-01	4.224054934512142673e-02
-2.045867702297395230e+00	1.838596028527169413e+00
8.867145516161747398e-01	-5.353292740708565089e-01
-2.053908509670515858e+00	-8.082710413673929173e-01
-2.655285053334909939e+00	2.754865331992042865e+00
-3.332756296483140535e+00	3.821975420621396502e+00
-3.327103252676455902e+00	1.483923159078921916e+00
-1.959580964872644326e+00	-1.239607003444748168e+00
2.259077811480279863e+00	-2.250206849749829097e+00
-3.251153397096508968e+00	7.489668352250585803e-01
-1.329945070063786927e+00	1.098113454357593444e+00
1.139660831785869410e+00	-1.033581818765306970e+00
-2.472198804299021280e+00	3.905463733338985777e-01
1.371570077310704905e+00	-1.643838328229520362e+00
-3.611283944580130800e+00	1.763124078865605071e+00
8.385182331762570662e-01	-1.249653890651100246e-01
-4.442537070012464007e+00	2.473040996949690484e+00
-3.089469380481957739e+00	9.467670082869567016e-01
1.594614331924166573e+00	-1.699426821511320407e+00
-9.145954945076907316e-01	5.395177897813041579e-01
-3.478101931050717521e+00	3.427396982165188177e+00
1.813629296440637750e+00	-1.405254952656366241e+00
9.046433354371954394e-01	-6.486868293347722858e-01
5.844530179377815937e-01	1.842730940631822148e-02
-1.132003806083115016e+00	4.958283872984017293e-01
4.082497566683854218e-01	-4.403990509113824836e-01
-3.465272659849814030e+00	1.775856392735457367e+00
-2.471850982862693780e+00	1.359792422773277720e-01
-3.730996857698131386e+00	1.148193529980815031e+00
-2.025263284337502689e+00	-6.676540171684298697e-01
1.573836071058016373e+00	-1.314052795470383561e+00
-3.424694205739303499e+00	3.856714531986794814e+00
1.044987265691017075e+00	-4.099089017374994981e-01
1.277940494584312026e+00	-1.296060236525492071e+00
-3.021191219118460669e+00	3.299360955743540824e+00
-4.221580429199113804e-01	1.427284961003176145e+00
-3.653421044469796097e+00	3.494944248486876237e+00
-3.075562219168438194e+00	3.380328466166309553e+00
-7.679407836892214456e-02	6.917245175100821264e-01
-2.725351880426503115e+00	2.172102713572316990e+00
-2.006385754884674189e+00	1.608495375374888958e+00
-2.373374300447392393e+00	2.194871329043757591e+00
-2.518879109749197376e+00	-6.427490398047606968e-02
-2.003320114990396306e+00	1.557785545773061608e+00
-1.703462235580587736e+00	1.137645285173069398e+00
1.292892963967410269e+00	-1.509593766675810356e+00
1.324268999245206579e+00	-9.497334773810621744e-01
8.894147439029818081e-01	-8.733528302964380652e-01
-2.699094734965615583e+00	1.160778024872556186e-01
9.598537705168183054e-01	-1.228660876061341556e+00
-3.326263088638514720e+00	9.651873705147039351e-01
-2.812283062492798802e+00	8.281305222372925545e-01
-2.757152081681047306e+00	2.653275337606208595e+00
-2.082001703127616121e+00	4.491676439288510569e-01
-3.692550819458594091e+00	2.065257166173186665e+00
-2.317607861936223035e+00	2.563799227541282200e+00
-2.538219617160329289e+00	2.394565105069446975e+00
-4.863283542612680144e+00	3.207363065963412474e+00
2.044594233733331823e+00	-2.151766735143402443e+00
-1.855887045703038529e+00	-3.434653938392562972e-02
-9.545126399328521249e-02	5.288274172858025146e-01
-4.157108933698916431e+00	2.445713917471337595e+00
1.113600672713607187e+00	-1.620474724151980350e+00
1.283506172794638966e-01	-7.159505432600245245e-02
1.578619097577823593e+00	-1.300481622986986885e+00
1.513899859270815496e+00	-1.172710358549303500e+00
1.280148806436075315e+00	-1.492306411046746772e+00
-5.300108778481817495e+00	3.779303169057114609e+00
1.622691069706482914e+00	-1.588448105624948425e+00
6.662102307385754374e-01	-2.346209632718235238e-01
-2.699937391667304176e+00	6.936300413236722029e-02
-1.956974717626428939e+00	-8.980985798881042648e-01
-2.267013305857474847e+00	1.895091214313592953e+00
-3.436183944886293418e+00	1.648493455780113859e+00
5.493885652648492490e-01	-1.281204745168938453e-01
-3.302677006185176900e+00	3.751835142330196327e+00
7.027555800258127316e-01	-4.886210191847822903e-01
-3.311313069673295750e+00	3.568765383677682035e+00
-2.740534790874660676e+00	2.896156964793960009e-01
-2.513399791698558428e+00	4.974744472521545058e-01
-3.508981942806227217e+00	4.650364001647391277e-01
1.527435153174368621e+00	-2.009362668423875231e+00
-3.237390004695994250e+00	1.349758057262537170e+00
-2.027077562685487777e+00	2.408766711555936357e+00
3.646875139748741446e-01	-1.103094884887664689e-01
-2.761185034971014307e+00	2.998594728347530602e-01
-2.496939026504767067e+00	3.627065040884948077e-01
-4.513770499610550324e+00	2.579849644041111389e+00
-3.796586124589226507e+00	1.326287041803834388e+00
-2.892657641450408157e+00	6.385350104499257773e-01
-1.878497010345334228e+00	1.598623646911074392e+00
-1.886311545427361791e+00	1.670496124317425446e+00
-4.471539031551710508e+00	2.910870425656522098e+00
-3.152892748664158251e+00	1.263435185034437858e+00
-2.861526205363384534e+00	3.327720715842750643e+00
-3.182100000810072604e+00	1.504309590279139908e+00
-2.377445419482927313e+00	2.431563794362083364e+00
1.421085433250442565e+00	-1.116652832063034895e+00
-4.094524836479247476e+00	2.498775487233640291e+00
-2.042644153730075018e+00	1.934521811637687438e+00
-1.678369683509194354e+00	1.021813317372049390e+00
-1.092683225239113182e-01	9.171368893015843238e-01
-2.777539977528763471e-01	1.364729365151303719e+00
1.449134092613594271e-01	7.954559830587832892e-01
-3.365138944313260883e+00	1.779500701774630045e+00
-3.245636263220474049e+00	9.604817245725428831e-01
5.017098975364634450e-01	-1.889432859157068323e-01
-3.766119691779186596e+00	4.103071791171807980e+00
-3.596248439227966553e+00	3.582447076182399215e+00
1.474565154043468773e+00	-8.373463629671218378e-01
-2.982068655963053150e+00	3.397757735419684177e+00
8.288414409854194531e-01	-5.893160864739127591e-01
-2.834667291962694513e+00	3.111629248198294340e-01
-3.518961076638610130e+00	4.201461512854846703e+00
1.041739092679332845e+00	-1.356338591201805999e+00
-3.386884369572083830e+00	1.412642626264726031e+00
-2.257724910352518322e+00	2.387300611948420137e+00
-2.818563456202052286e+00	1.257056024525636806e+00
-3.598158500767476120e+00	1.467806014923536573e+00
-2.252234646560098863e+00	2.936317679112560586e-01
1.603790450140950119e+00	-1.536526286548698828e+00
5.672098507288879654e-01	-4.080471618179691840e-01
-2.738325990763969653e+00	3.333903800213348756e+00
-1.557700551629356944e+00	1.190069928392444076e+00
-2.908318491367379188e+00	6.878845835244320472e-01
9.362158569492388116e-01	-9.047069169472288230e-01
-2.643565166416693035e+00	3.167452743031350937e-01
-1.751428977716154689e+00	1.371760887788733951e+00
-3.608615923294340000e+00	1.895110679688123190e+00
-3.390397414246317354e+00	1.125131886146486959e+00
-3.627404302911262146e+00	1.894487048946080554e+00
-2.686492067849023169e+00	2.550574500738021833e+00
-2.736917854428394303e+00	2.978650117973318801e-01
-3.893783102407676111e+00	1.766722255819827891e+00
9.263190567717639878e-02	-1.927809166354744336e-02
1.487583006844636291e+00	-1.597536791682354407e+00
1.958704152356651518e+00	-2.360014197187395357e+00
-3.226139033654245925e+00	3.816655337516356550e+00
1.434054958374231026e+00	-1.551322221060107420e+00
3.125279316598588153e-01	-4.141741078330750669e-01
-3.005333813403376020e+00	3.595553553697951710e+00
-2.587043852342936212e+00	2.193104917575377233e-01
-3.606829700193270760e+00	3.706348197592735705e+00
-2.372499125470091563e+00	2.808768486663946184e+00
-6.213387322127621355e-03	3.554327347409472204e-01
-3.195204077215223482e+00	3.657434937477068271e+00
1.748209458528242832e+00	-1.637998192223818261e+00
-3.978100275433803290e+00	1.292886247228084207e+00
9.971699138239369375e-01	-1.358579201749305465e+00
-1.111775000207609054e-01	2.301613539471438971e-02
-3.333936159000623345e+00	5.351783363306273911e-01
-1.881185530009915841e+00	1.771666408910805401e+00
-3.537683787227196675e+00	9.316209188754654980e-01
7.867835116174547450e-01	-9.159077729527119738e-01
-3.216052894136148144e+00	3.411571075780081674e+00
-4.267535840669357761e+00	1.623486930001519335e+00
-3.714525661583190086e+00	1.650063384509429243e+00
1.150701799950929471e+00	-1.023510537350744265e+00
-3.919949067530760001e+00	4.209638373440310666e+00
-3.113936575960734032e+00	8.188179546436650247e-01
-3.135765246253599425e+00	1.189977637237272567e+00
1.176888577083669452e+00	-8.483227954728895792e-01
-4.103233416789404231e+00	1.922566309250725913e+00
3.645972698590725369e-01	-7.381179005158089446e-02
9.958409611765304259e-01	-8.303709586394266706e-01
-3.409299649898622775e+00	3.829636919368239134e+00
-1.521930919715617891e+00	1.363813769726958114e+00
1.925532676919326613e+00	-2.143498791664851577e+00
-2.520426314299641923e+00	6.043807749537395413e-01
2.146829792554126204e+00	-2.115469845972067553e+00
9.518588248646747685e-01	-6.873169266934098243e-01
-2.258359750870527538e+00	2.722499171534961793e+00
-2.574222740447488000e+00	6.552909973865048698e-01
1.489167263899263904e+00	-5.992540823877620104e-01
-3.045405243929784511e+00	9.974063677299729314e-01
7.522715141737580380e-01	-2.983853672437321580e-01
-2.225987221872048227e+00	2.333117637713532311e+00
-3.582051533167657453e+00	9.708965975038499341e-01
-3.542854035832840420e+00	4.544251488412397677e+00
-2.445703561744985599e+00	2.018113293766871319e+00
2.040249720662221211e+00	-2.284665792674481111e+00
2.616281022597947370e+00	-3.063796347940819675e+00
-2.529690655715727043e+00	1.894820655724070546e+00
-3.021428375481875150e+00	1.204846383347650374e+00
-1.537416958888063734e+00	1.058380306666561799e+00
-3.710476184891625895e+00	4.941680546913430838e+00
-1.956657123322842029e+00	1.655555296441657553e+00
-2.850720194496819460e+00	3.078592141769756374e+00
9.358153085955235317e-01	-9.100912178628760563e-01
-5.030362786150838872e+00	3.530863069716833280e+00
-2.025978344546345955e+00	-4.038614411304852214e-01
2.047710814821344538e+00	-2.472430311951509196e+00
9.601850960631901355e-01	-1.479754971118999007e+00
-3.774954517993407421e+00	4.126456178854566836e+00
-3.057940459001228461e+00	7.036945269605178188e-01
2.413485807057799359e+00	-3.266199918856915296e+00
-3.367715565685429180e+00	9.773225062372018490e-01
-1.951434898150892217e+00	1.986007774668151704e+00
-4.071327100000625698e+00	2.447255623072729147e+00
-2.567304613762757093e+00	2.242599048823219032e+00
-2.264013681993113813e+00	2.320672656976749071e+00
-2.884294110901986397e+00	5.027587448353324495e-01
-2.615191059757271841e+00	-1.990703273487817448e-01
-3.248951824735001548e+00	3.388081776617515750e+00
-2.224640094698208670e-01	6.765099761085784369e-01
1.648967664201965055e+00	-1.903355914453936704e+00
-2.259873611429829676e+00	-4.245329642607199583e-01
-2.857217247118855497e+00	3.062747597136865174e+00
-4.387412349524606014e+00	3.111264339361450304e+00
-3.386575352864067412e+00	1.635048638056840975e+00
-3.236265551815223684e+00	3.327054203390488407e+00
-3.219695539349919144e+00	3.519671353164583572e+00
1.237286228001457600e+00	-1.490035558666120030e+00
-1.920737674840528486e+00	1.876407143580951509e+00
-2.948155095903073342e+00	6.578421362473386713e-01
-3.727458666652436747e+00	1.949020375005909855e+00
1.925605068012140375e+00	-2.076867975181724724e+00
-3.248355055033048000e+00	6.284979308073364024e-01
-3.820591172048497075e+00	1.733948305324889860e+00
-2.056989360366518138e+00	1.669211124042241812e+00
-3.713768935198953791e+00	1.833534223701594579e+00
3.306220530334514907e-01	2.962089333025019200e-01
-1.566215018468405606e+00	1.287547982435900851e+00
4.114290723957075291e-01	2.550049523175321742e-01
-3.181022013183082198e+00	1.223450135352784240e+00
-3.486061052746190381e+00	1.873690349522443288e+00
-3.213583932443222491e+00	3.574545422673325312e+00
-3.610045002976650430e+00	2.127801215612244778e+00
-2.168363215300814772e+00	2.370641767456290960e+00
-2.772793479275949213e+00	2.664766842754311860e+00
1.358480421888692335e+00	-1.786945017148412918e+00
-3.098407076414721573e+00	3.796390863271392191e-01
1.808334979193476633e+00	-1.543470270719147663e+00
-3.318168612916913229e+00	3.436322419886445712e+00
-3.649491622526573664e+00	2.222432793686079489e+00
-2.670781005252451212e+00	9.208114508407634347e-01
1.708326541020371181e+00	-1.885532149789201251e+00
-2.188384891861534953e+00	2.455668289694782125e+00
1.184966460604706118e+00	-1.197042701679344789e+00
-3.050727002664598508e+00	3.780841479181924480e-01
9.359876495020951204e-01	-1.270470086580597124e+00
-2.794638249997387192e+00	2.626557398678966759e+00
-3.362400874121061811e+00	1.345391245073404241e+00
-3.206563124371895945e+00	1.020346319371542299e+00
8.459844139281326170e-01	-1.140294501097920188e+00
-2.948745479678474890e+00	8.259768817772376037e-01
-3.398874023462460592e+00	2.268835997840032537e+00
1.783316529189034938e+00	-1.460296833263562855e+00
-4.356820448691162362e+00	2.887717568265336876e+00
-2.796218042152795125e+00	2.676129237561409191e+00
-2.770115230898698933e+00	4.786769212331541956e-01
-2.396496593532520869e+00	2.125929123354057815e+00
-4.516497856316695980e+00	2.460498278879530432e+00
-2.842398809677115779e+00	2.668751167690235349e+00
-3.436512054811660111e+00	3.443279496110837279e+00
-3.234550310074650881e+00	1.214293059469600422e+00
-1.819638249298689336e+00	-5.443160674039548841e-01
1.390658450558364789e+00	-1.791844026931302292e+00
-1.106085904665840447e+00	1.875769198729256404e+00
6.246902672778813920e-02	6.879077416168474235e-01
-3.987881120248819133e+00	4.815299080013714317e+00
3.538867984505557618e-01	3.216495917027304974e-01
-2.249722741020564243e+00	2.321694248554923234e+00
-2.348679687573502761e+00	2.713507384895181396e+00
-2.829056432617213623e+00	7.324489358833676800e-01
1.180988565076089625e+00	-8.170112342221863555e-01
-3.095457358626408251e+00	7.316777496844993900e-01
1.048921811571819296e+00	-6.787850070350831544e-01
6.639378622577026823e-01	-4.190001676191781321e-01
-3.403476494705779842e+00	3.236869047122354903e+00
-2.308106214312671156e+00	3.167049983538439833e-02
-3.720306532706768810e+00	1.422176557930676211e+00
-3.171569466464358555e+00	2.768378118243842945e+00
-4.921157312902517234e+00	3.360205597698727509e+00
-1.875454628200140084e+00	1.592381034811940266e+00
-2.504791989551132581e+00	2.167246758108066551e+00
-2.858250425351102741e+00	3.929887289007709117e-01
-3.146212555061338456e+00	3.369001261901737543e+00
-3.009884440026810548e+00	3.118360068264486085e+00
1.672008968733761369e+00	-2.402852212450175884e+00
-3.889006928460204460e+00	4.615316987511975277e+00
-3.499637450794126359e+00	4.031926438522802414e+00
-3.440520143798373898e+00	1.017678741197722170e+00
-3.700111563962253491e+00	1.677354138790111415e+00
-2.437012709371976449e+00	-3.058426918827760743e-01
-1.941995878935480757e+00	1.618340391737183914e+00
-2.987494713576901884e+00	5.610321010546497345e-01
-4.754775746653874258e+00	3.365384255822927884e+00
9.464486036656034607e-01	-6.970656840702006418e-01
1.547115200801921553e+00	-2.116930761241463621e+00
-2.711200873993784288e+00	7.016884440276219825e-01
9.866435978014150843e-01	-9.266176080951690208e-01
-3.620759544063736790e+00	3.407078591504462572e+00
-1.533192273458575006e+00	-1.051487127968356861e+00
-3.099745382532827165e+00	3.885704615698446052e+00
-3.918563125287307880e+00	2.235202114874733859e+00
-2.634666449968960489e+00	2.264574729043830614e-01
-2.092765634403158881e+00	-7.825997956955654811e-01
1.574236738866789942e+00	-1.791218760692737000e+00
7.423509025567195385e-01	-6.527263347750810185e-01
4.648290684508005199e-01	-4.990209012429084323e-01
-2.844384528954440938e+00	2.787469571235093202e+00
4.377645064762342719e-01	-2.432784956454313030e-01
-2.562843680596103457e+00	2.300599317237511376e-01
2.241877670593402705e+00	-3.070566230079856851e+00
-4.161422481819463393e+00	1.663996746481563926e+00
-3.356306546981331351e+00	3.275183979752965602e+00
1.029475498511662979e+00	-8.528131033354051649e-01
-1.942641721829399426e+00	-8.102042544157602721e-01
-3.695536594892867566e+00	3.661987871539453376e+00
-3.523812619362641119e+00	3.924129584353934774e+00
-3.865160173849413461e+00	4.908217609123530778e+00
7.109583068684056650e-01	-3.452002320121611012e-01
7.767898034107857397e-01	-6.599778643578910753e-01
-3.091339219019550555e+00	3.359517279285526570e+00
-2.430773576226497035e+00	2.759599057491948226e-01
-4.397697888635695662e+00	5.081900153688888366e+00
-2.749834240563265642e+00	2.491970322736150323e-01
-2.572369735431097926e+00	8.645135755147119461e-02
-1.934802682945401919e+00	2.183697398528257061e+00
-4.250130706528204350e+00	2.544447468112377653e+00
-4.783021039540425789e+00	2.986992663037368434e+00
-2.579208449153685301e+00	2.767139195512767103e+00
1.106980863661904069e+00	-5.786175620615786608e-01
-3.059564290967303091e+00	3.944377433714822967e-01
-2.598105612633804018e+00	-1.102926397971723954e-01
6.805209020429378031e-01	-5.157529976627237556e-01
3.413346783551989838e-01	2.341011757165691043e-02
-5.240069993235790813e-02	3.978746450133314738e-01
-1.710194693312640624e+00	-8.293229492815845649e-01
-3.301890159819145687e+00	4.153044611490225968e+00
1.516486721666167048e+00	-1.711003989982319728e+00
-2.918538066798872954e+00	2.354777082135296240e+00
8.656679187161921973e-01	-7.456641767345156824e-01
2.438515767381447485e+00	-2.760142793783517234e+00
-3.216952973070758226e+00	1.200502857732112183e+00
-3.606694380151875268e-01	9.737519049622439526e-01
-4.724892858452514943e+00	3.342038297554366988e+00
-2.962447606742569572e+00	2.833921848456693038e+00
-2.921152196900945075e+00	2.749899356120309779e+00
-4.070175445545200610e+00	4.885573699376060119e+00
-5.769916543417343391e+00	4.734178593998628060e+00
-3.359894289943920143e+00	4.087602203299498527e+00
-3.899544759108072078e+00	3.984149042099182747e+00
-3.935538098237116422e+00	2.074054464389977426e+00
-3.239064554436326127e+00	4.024060404495773291e+00
-3.139736237911519456e+00	5.610341391302426928e-01
1.451155786465440523e+00	-1.636396310446341484e+00
-2.613418370059365614e+00	-1.004252238171146399e-03
1.218312570657488436e+00	-1.269784582904561088e+00
-1.639966110948587241e+00	1.444694545654121365e+00
7.551396165406560890e-01	-4.617334078790832907e-01
1.523421054612773995e+00	-1.576183373576113711e+00
-3.384050822999850716e+00	8.638478953233150737e-01
-4.342534813357459278e+00	2.886150058731968393e+00
-3.121361045974653692e+00	1.233189697413618502e+00
-2.829553371785273885e+00	9.400733018945615083e-01
-3.576463670920415172e+00	1.347090994624060789e+00
-3.902331245870816812e+00	1.761595847831814110e+00
-2.142540424672102706e+00	1.891078320291002868e+00
-3.121462182611212111e+00	3.397199598312870883e+00
-3.589350835456041278e+00	9.521426965122770092e-01
1.360910803182304285e+00	-4.756368614210396695e-01
1.080343385230188441e-01	5.000757027094110407e-01
-2.954437253126669383e+00	3.255042298097457376e+00
-3.592074403051881415e+00	9.489544179740562191e-01
-2.814667904889217365e+00	2.464829684869999316e+00
-2.743267327144025103e+00	2.813981723697662751e+00
-2.800912500196376609e+00	2.923237032848149397e+00
-5.235126800690214077e-01	1.640505552985485505e+00
