1.507858501511547988e+00	5.997516582334994073e-01
-2.711883246491198385e+00	-3.167441876885736196e+00
3.590236537986193355e+00	6.447416751412211600e-01
3.384470993790769544e+00	2.638402735621254713e+00
2.788519085796406505e-02	7.810805857949307818e-01
2.715640795211133440e+00	1.987959621104866237e+00
2.036069371537476691e-01	-2.233501583242079480e+00
1.762682617948649000e+00	1.207969833085743350e+00
7.563710545337696267e-01	-1.087326946257995974e+00
9.240395633982485535e-01	7.707918362786494448e-01
2.367723203453252712e+00	1.179135395966280697e+00
2.589221794607458715e+00	1.707996578302166002e+00
2.882690343479662687e+00	3.415442045624903056e+00
1.573339741848608586e+00	-5.176341860543306694e+00
3.138598389428409074e+00	1.387609612625544164e+00
1.632270551081856702e+00	-4.010882542674442774e+00
-2.565012568335243159e-01	-1.068191834495857861e+00
-3.742665014989429162e-01	-3.869250775908271045e+00
7.840798780223714459e-01	3.928241141251641366e+00
1.134653440692808379e+00	3.815616687421814035e+00
2.490539892175952730e+00	8.766238924242952812e-02
1.098268578729434175e+00	1.978547591659779670e+00
-1.098585899892123852e-01	-2.398890563990257796e+00
4.090599239020701106e+00	1.185679332133513952e+00
-4.363083479254220576e-01	2.923300653762752610e+00
5.978959364241740460e-01	-1.044704555967794102e+00
3.108319082869877459e+00	1.071159445146959932e+00
1.067446387135359442e+00	3.571539000424042154e-01
-3.421603688836710733e-01	-4.147796356677044827e+00
1.485967537862436849e+00	-2.102639962940842100e+00
1.576606477697687803e+00	2.659622010563811312e+00
7.716517771139803639e-01	4.297876249610678379e+00
2.965316040347239834e+00	3.330560922742192842e-01
3.477676038578862538e+00	5.748907905626647885e-01
9.194781706023676948e-01	1.362859418711532822e+00
-4.474575302826464540e-01	-4.762337086083099358e-01
9.146073321832957070e-01	3.781023051466077867e+00
1.544035868697692715e+00	3.216195051445097874e+00
2.325901481975194418e-01	6.021689193577788313e-01
3.670258473126220444e+00	3.160043234417982960e-01
2.944440180455951683e+00	4.264831502445655786e+00
-1.480133646867304309e+00	-2.534956469430298398e+00
2.863034569191128753e+00	2.002855052091490951e+00
-8.792649288189129386e-01	-2.261489599024293806e+00
-9.171440703284501339e-01	-1.506300628370058181e+00
1.257353075294884714e+00	2.414462133549426071e+00
1.638454756337980101e+00	-6.435452602992273174e-01
5.348672285162611728e-02	6.285286787014321419e-01
7.859931028195179525e-01	4.107295100810356203e+00
1.677177108243012027e+00	1.286133440186815191e+00
1.125400837003264209e-01	5.002794849467602223e-01
2.624250697303331492e+00	2.064110902989894747e+00
1.870785351428077226e+00	4.574273952624774431e-01
-6.187006836409796318e-01	1.339710341983125996e+00
-5.922342991226270392e-01	-2.645644950180445765e+00
2.035275553581144425e+00	1.008102368046191799e+00
3.825175491684665197e+00	7.235638724657036391e-01
4.012837249859364519e+00	4.936141907438897913e-01
2.603398237805077398e-01	4.929691908652682031e+00
-2.000267434847670778e+00	-1.130567189316568300e+00
5.589796634211824378e-01	2.251241771771294253e+00
3.875404845796737163e-04	-1.617777934824816466e+00
-4.595427897507692871e-01	2.352009184255092311e+00
2.404411384076106106e+00	-7.827932618455935021e-01
2.709824024627247585e+00	9.759413718246654490e-01
2.271186540285697220e+00	2.476180279827671082e-01
1.205881108071036989e+00	9.200192100262797323e-01
2.438944727510147015e+00	3.235694992840885131e-01
1.229256072305704439e+00	2.487956883934416830e+00
1.959685376742137608e+00	6.953148312436596701e-02
3.951884442573936784e+00	2.660563055040245484e+00
-4.988053260468626737e-01	3.065512372339190605e+00
7.098005657871977458e-01	2.053584150193376257e+00
-1.497679153635344651e+00	-3.058477960041348531e+00
1.549726341318653056e+00	1.182426871912705790e+00
1.497172283992991959e+00	1.247809916359366333e+00
-9.892272676082118910e-01	-2.836119712831890016e+00
2.096979983569722705e+00	1.888331988612711232e+00
-1.465785456200952019e+00	-2.529789725008662060e-01
1.052075896695339186e+00	-2.128354412518818073e-01
-1.954801229119160488e-01	3.351289825918851495e+00
-1.430182901481850122e-01	8.657294097589667281e-01
-6.346881680263646297e-01	-1.516114505356914943e+00
9.328420370072386392e-02	2.799244934771988103e+00
7.289402678863894369e-01	2.565318213843902573e+00
4.668209409429784351e-01	1.421680256202527914e+00
4.844579126090312049e-02	1.064064651234765346e+00
-2.103130797589032874e-01	5.508106675027264476e-01
-9.021935985678598557e-01	-2.825412752991922183e+00
2.740773091712156884e+00	-1.056875274921687868e+00
-7.426713713699042430e-01	1.645202187696105378e+00
2.543441452149297177e+00	1.955881806457536065e+00
2.153483286767631455e+00	2.658441499230914218e+00
1.154815243921313739e+00	1.183911742211180451e+00
2.591492345377780282e+00	4.362575358521293412e-01
-3.246437531017914990e-02	-5.439968092694646984e-01
2.897898211237650568e+00	1.698692367542052217e+00
-7.503136927997986483e-01	1.333713664240937735e+00
9.969282686931986159e-01	1.100500397051006551e+00
1.655536193041646120e+00	-1.828132349863262895e-01
-3.090907349033322760e-02	-3.518241247590943033e+00
1.683930760944140292e+00	2.876770419687959102e+00
2.723148497015121183e+00	4.326362705744898562e+00
-5.529458846152451867e-01	-6.646810505840861083e-02
2.858146353833344033e+00	1.561928091854615452e+00
2.611579711297838280e+00	2.469463151557522274e+00
-1.309324955877519514e+00	-3.860744912628276460e+00
1.000856152290747758e+00	3.518377518134894189e-01
1.252304851139850017e+00	8.173571293744654742e-01
2.626650118284039603e+00	2.889336251646172027e+00
9.130471102858317423e-02	-2.848591491981293800e+00
5.789321019752828867e-01	3.151057265055749568e+00
-3.302662168409493670e+00	-2.129613062422614611e+00
-1.178207966267960760e+00	-1.441558487023415047e+00
2.993072631811702244e+00	9.965487309404580385e-01
-2.862578871184884299e-01	-1.397434359885785904e+00
2.697198612347732727e+00	3.912246710155098395e-01
-2.774196290936841613e+00	-1.344918126857507001e+00
9.924168536638315885e-01	-1.916772781002698434e+00
2.467010850107759001e+00	1.443269532661215271e+00
-2.569592630187950144e-01	1.352507405723544887e+00
-1.735098787899569395e+00	-1.958578745070863825e+00
2.647511740209778086e-01	1.204960516599324016e+00
-1.651177075397562533e+00	-4.954665747001465448e+00
-4.921855853613285592e-01	3.689630826668870434e-01
6.134682312803492188e-01	1.473448844572184502e+00
-1.620634775598177035e-01	2.229638965924713112e+00
3.520461302233949041e+00	2.161512757073905000e+00
1.388349692500169708e+00	2.378355559150328702e+00
-1.076717356380648249e+00	-1.247472322584574300e+00
3.168669401471440050e+00	1.491755842750591921e+00
3.301306179895578730e+00	4.760341295227873637e+00
-8.703992984711392822e-01	2.033724918879913357e+00
2.486864347609444081e+00	7.924850368179516824e-01
-1.182529427346415085e+00	-3.551505781566770104e+00
-1.872633521938145362e+00	-2.339596738380076868e+00
6.411307469996427866e-01	9.204419005433733814e-01
9.738431651359774621e-01	2.607830257220262737e+00
-6.878622759376549212e-01	-2.480387104627802763e+00
1.189850805393299460e+00	-1.561155703021808172e-01
3.325760454296712965e+00	4.693376502595680844e-01
7.944078885061609530e-01	-3.366005723872904642e-01
-7.121117616557459673e-01	-7.616423684095152691e-01
2.438853393109621237e-01	1.361311599864520439e+00
1.062926604237762973e+00	2.802732310139016025e+00
3.526508404522634699e-01	5.229482896450234009e+00
1.728432934891805939e+00	7.359932972621284764e-01
-2.105543313293908869e-01	8.290283663907165312e-01
8.560156147340400867e-01	-2.746978758346316773e+00
-1.452847807615037290e+00	-1.845828757462545378e+00
2.668148715760975342e+00	1.761277953727673928e+00
1.060435732740204973e+00	3.311265651755080697e+00
-2.270946778464736360e-01	-1.568015583924252665e+00
-2.660402945697289745e+00	-3.494608678138345859e+00
-9.846800141190656941e-01	7.004295162864018209e-01
4.829251828495538523e-02	1.342449555252219762e+00
-9.686134077530538233e-01	-1.394224900988602078e+00
-2.507362481617620098e+00	-5.117585000447093080e+00
1.629164363534987947e+00	1.023700024982373114e+00
3.094054439272461710e-01	4.044739478225315210e+00
-1.178850578965129570e+00	-2.154422533152650754e+00
3.269147890672540857e+00	1.682396909014483022e+00
3.117692262759965693e-01	3.676382691233431643e+00
-7.657382424263663445e-01	1.873807744897088012e+00
2.129212010669370714e-01	2.285098010216431330e+00
2.567645121853937340e+00	-5.670040351365019937e-01
-1.081102208747916626e-01	3.373068043880257605e+00
1.205671486116416169e+00	-1.616376286154683317e+00
-6.842499521964637843e-01	7.298713647384680314e-02
-7.252886188795127920e-01	-4.631524607924350612e+00
3.591623008813793927e+00	1.929415377498148176e+00
-9.165790598892800123e-01	9.330293077419604675e-01
3.585144895162217793e-01	2.894306791949405877e+00
-4.780206063969248687e-02	2.853595619597555810e+00
3.588980761929142282e+00	1.561421478944063246e+00
2.404056370640811124e+00	1.884755716606062226e+00
2.944463671554415907e-01	1.871978085576655015e+00
1.089753251803218026e+00	1.577402382478159115e-01
2.752957631957525741e+00	7.402930754612271347e-01
2.200532528073635419e-01	-1.392743192073206959e-01
3.056297969376867485e+00	-1.570658348785369363e+00
-1.081695420947707431e+00	-3.287351380236350984e+00
-2.614887202927940191e-01	2.731250038106826317e+00
3.580628602146771478e-01	3.038276626669643710e-01
4.827057281800065880e+00	5.014011901562184015e+00
1.032483522718527613e+00	9.146557341406551522e-01
-4.503352426491787908e-01	-3.982843358240078846e+00
-7.572144378519385377e-01	-2.289465904439570210e+00
2.722169388474053875e+00	-2.790798877519691246e-01
1.485399514789947029e+00	1.438924103852155856e+00
-8.309665052407497199e-02	4.641224509551462596e-01
-1.505426396840675585e+00	-1.751300284112287109e+00
2.030700477286038641e+00	-1.274063178671764440e+00
3.477822535989801622e+00	9.156193937832546315e-02
-1.052461952837975279e-01	-1.889291026941295026e+00
-4.088142180497543743e-01	1.004895556865016637e+00
2.006395123988275131e+00	2.206988612980403275e+00
-1.418936035984170729e-01	-4.258684832053249991e-01
3.092506032433774976e+00	1.573355422633566869e+00
-1.922322291883579171e-01	2.817447217934014425e+00
5.489747315339155165e-02	-1.074361333360354553e+00
2.868295295794230260e+00	-3.186171660834347108e-03
7.517094307037937018e-01	1.658542997201886804e+00
-4.713926478000997067e-01	-3.765027577236887524e+00
-2.442866829765372727e-01	8.337802471183599629e-01
-3.565054979484700848e-01	4.270110700805874515e+00
-2.031381164758546132e-01	2.637169924439581870e+00
-4.173115618124002557e-01	-3.682144004357108535e+00
-1.387955360005004746e+00	1.103536154039704620e+00
6.362021461323807969e-01	2.686153589774746386e+00
7.213483491429781846e-01	2.459697684542162310e+00
3.305213886858283878e+00	2.018564710504572313e-01
3.326699900058418979e+00	8.931145499672077381e-01
-5.193691057901828056e-01	-2.118096878713255027e+00
2.137033741396098918e+00	9.243265416909418608e-01
7.886022218315100751e-01	4.799342938769655120e-01
3.257950878474692030e-02	2.299905817899786875e+00
2.199591933224382956e+00	1.510233941894710608e+00
9.444858376946664580e-02	1.833096059994883342e+00
3.674101353193909958e+00	2.724670214117948408e+00
-3.465223169923916657e-01	-9.755759444338492070e-01
6.685440954089192367e-01	4.763891256750967251e-01
-1.183961700855117538e+00	-5.393224674369135663e+00
2.042458573829565527e+00	-1.229649460768094116e+00
2.329650151716192497e+00	7.616622648454850486e-01
-5.693642544558165375e-02	8.335479288010110288e-01
1.349030093545034781e+00	-4.535777854800329134e-01
3.250249467424358940e+00	1.211130466464810151e+00
-2.261082171525786444e-01	6.718423478360102674e-01
-1.001035245192969159e+00	-4.063542012544076876e+00
-3.253819799024846304e-01	-1.352398397867754731e+00
-1.324723848737051624e+00	5.801252277792350309e-01
-7.161220024591670175e-01	-3.202507939156818750e+00
2.083628460226335299e+00	-2.019894298619635542e-01
-6.504355645689874343e-02	2.818705725877900026e+00
2.329121335233190315e+00	3.062624518086649594e-01
3.695288915907972260e+00	3.868477044899059081e+00
1.871414681977544348e+00	1.328060657149044088e+00
1.214849066045482040e+00	1.939423828354894130e+00
-6.927353252369710113e-01	2.984634673826807028e+00
1.247078316262612230e+00	3.051569222525983838e-01
-1.149600064470274630e+00	-2.738193647600699165e+00
3.468017712766630734e+00	3.869819595864202988e+00
-2.111949474390719117e-01	1.732734926277862186e+00
9.819543625636338591e-02	1.905757558829009879e+00
1.062069059477832145e+00	1.383933246075818913e+00
-8.259048593400547533e-01	-2.665823420965873325e+00
5.266735842269134604e-01	-2.810455216662166578e-01
-1.641799564486590590e+00	-9.973371932788355210e-01
2.066203730211384482e+00	1.496977501387382503e+00
-8.886831001717079292e-01	-1.889043073588686283e+00
1.094943836596081077e+00	1.626456140287592778e+00
1.425838895240839399e+00	-1.126505923867672898e+00
1.578218927487646361e+00	2.077039125091087790e+00
2.199397737673115749e+00	1.265088453097261922e+00
2.947192422991572247e+00	1.035979022972760566e+00
1.355119795393140647e+00	4.985395061665847116e-01
2.494550464699882841e+00	4.812785560241559235e-01
-5.144819039212842338e-01	-2.085062675778767360e+00
-1.437834658631536255e+00	1.085253904164053651e+00
3.215923614149415188e-01	1.839574354992792538e+00
2.141715356130731163e-01	2.007898403372049501e+00
4.584247197909971483e+00	1.822080144787835865e+00
3.456375293285695594e-01	2.140284896252321989e+00
6.080319933758443485e-01	2.026745055358994740e+00
1.878304337855789763e+00	4.105019170290672648e+00
2.092823594717293734e+00	2.413641959499516432e+00
-2.189680451386668558e+00	-2.854205145631901530e+00
-1.409705082183026759e-01	1.194551357391595570e+00
2.557710040223220016e+00	5.420098066041705298e-01
2.114721902798411879e+00	1.173167471156778330e+00
1.116997517788069549e+00	1.169208438920647852e+00
-8.599886571707369143e-01	-4.361587276825817483e+00
-2.835315364940976135e+00	-1.649648199183182840e+00
-2.456587757943987427e+00	-5.097369535032504118e+00
-8.971219323537757973e-01	-1.201407966081152079e+00
4.454716347771464635e-02	3.419711897918956023e+00
4.212243091178358156e-02	1.454752654050519123e+00
1.653867366776682335e+00	2.349255269270432045e+00
2.109295461645571024e+00	1.716862261338834239e+00
1.625250728796927779e+00	3.417627835314129836e-02
4.406071383300082189e+00	-5.976116823696919766e-02
-2.059765083408434450e+00	2.355765072346534428e+00
1.222343850684472072e-01	2.781046264794539535e+00
-1.861377632626567635e+00	-7.458353826134329623e-01
8.587536973242786420e-01	7.147803599960511622e-01
-2.860639185087460179e-01	1.568986015170898085e+00
2.221343179358200581e-01	-9.654981316394373181e-02
1.401422796315722419e+00	7.926511075311444277e-01
-3.604691300626242656e-01	-3.264375536671385802e+00
1.907686814483799953e-01	-3.582448802938138499e-01
1.002085903358150398e+00	2.728369622895288948e+00
7.508867107541489228e-01	3.088262215322519211e+00
3.734986488771252500e-01	2.075988916145687035e+00
1.651678239268673520e-01	2.788100107098135716e+00
-1.331066723600624169e+00	-3.501172593625924812e+00
-8.878977593711478988e-02	-1.291597480912114015e+00
-1.622085019895470825e+00	-1.899535081324628116e+00
8.900164973565569682e-01	7.687174319569463066e-01
-1.405010457507644972e+00	3.590651557753741230e+00
-5.635294473076648547e-01	-4.451221384898085276e-01
1.856575924630333718e+00	1.009844582397562363e+00
-4.515174709866163205e-01	-4.784690881759379177e-01
2.299028230775675752e+00	1.536912537318409377e+00
-1.134143151885586676e+00	-1.795985781802000858e-01
9.194051617352669847e-01	1.096647380166453800e+00
5.049289158242760145e-01	3.061920267406216034e+00
-3.742179733757389215e-01	-7.970230620362175333e-01
-1.517239287136191994e-02	2.401339179037384142e+00
4.515064365177416383e-01	3.309465315632153182e+00
1.420753777157865105e+00	1.279245971481304922e+00
6.651051721572013298e-01	2.623949816030545445e+00
2.313731191791911224e-01	3.370120785282612275e+00
-8.659910921057900612e-01	-3.631078646651890285e+00
1.801289862421670274e-01	4.234570496554854735e+00
2.683777918247768568e+00	7.206637790394203602e-01
-2.820286845520012520e-01	-3.051565485056261906e+00
1.621090430509533498e+00	5.855594349825479217e-01
1.757182162361241307e-01	3.405799118874871301e+00
8.901295630583070384e-01	1.611226690609389500e+00
-2.337372771006411387e+00	-2.726721870065022202e+00
2.936974464636337157e+00	4.121795599228756046e+00
1.622831421439881794e+00	2.563906627657655868e+00
3.289988538592080403e+00	6.653468001674396337e-01
2.341404935960217593e+00	1.190443895529974094e+00
-2.218997083236426526e+00	-1.284930624015131029e+00
3.316259681545871807e+00	7.278561081967511726e-01
2.196904858954103368e+00	1.661731765505561675e+00
2.144355839195896785e+00	-9.135422726216124722e-01
-2.968618097052565519e-01	9.041790005854313250e-01
7.261218222620282603e-01	5.771930536830383041e-01
1.380846455018677754e-02	5.843392887242464528e-01
5.120281882607686796e-01	2.745130802881307730e+00
5.569617585075280486e-01	1.453733924608493489e+00
1.216274114711222154e+00	-1.182314171684920812e+00
1.177193310884613542e+00	-6.305237874643898621e-02
2.392109544209622296e+00	1.043199553941513757e+00
-5.479575175244736363e-01	-8.529898242106082051e-02
-8.691901131587038976e-02	8.836404347980422180e-01
-4.637690343585920694e-02	-2.927392066797336323e-01
1.510839343242911026e+00	1.762574423255578893e+00
2.070822288633027863e+00	2.596930767693473197e+00
-2.652681594392162223e-01	3.960249858824144376e+00
8.738597884261691817e-01	1.243677570560131729e+00
3.521120041040184834e+00	1.517781577042370822e-01
-4.588987395015077242e-01	9.671725883446784522e-01
2.995537914958076975e+00	2.841345550806533282e-01
2.865729936669076494e+00	-3.146331876128183325e-02
1.520815663837794762e+00	-1.614702645967516226e-01
1.591077059559452112e+00	-8.946229543422945518e-02
3.590240084928364439e+00	7.796505139851129806e-01
1.543743803637759759e+00	4.196391165854123528e+00
2.618140840688143012e+00	-2.975680235025652820e-01
-5.524989148723769006e-01	1.568249597828685893e+00
3.115806245016722542e+00	1.415706303453161397e+00
-6.808071983076526834e-01	-5.347873781774290514e-01
1.127588659627306589e+00	-1.467749437650140543e+00
7.887880735289725109e-01	-2.376143082339060797e+00
5.773529749456918214e-01	3.702047751892043603e+00
-6.471086624085956029e-02	2.993952979122939340e+00
1.581218944039174623e+00	1.313035533320141113e+00
1.195646866044532408e-01	2.910033546908072033e+00
2.020107463291322070e+00	-5.620422658879855593e-01
6.580050711776942451e-01	2.879302536811380264e+00
-2.102164590526013066e-01	1.463083154627627946e+00
-1.000530382806701368e-01	-9.338315620715542664e-02
3.121820803712301640e+00	1.160001073058456234e+00
4.957353010657999937e-01	-1.948850079668111412e+00
1.433181794235776518e+00	1.469892179909600305e+00
8.258930775243131794e-01	3.815213289585303702e+00
5.818400240131573753e-01	3.555732225212406838e-01
-1.823646857853517211e+00	-3.562066809160763903e+00
5.188138045768169171e-01	4.437034526961872061e+00
3.391546482290432873e-01	1.947976660277198402e+00
2.688737050123882977e+00	8.089137822289469426e-01
2.751114637772891669e+00	1.599992736804868532e+00
5.170763358013312772e-01	-2.031784439594233049e-01
-1.811239006212965741e+00	-1.400951251843519874e+00
2.828957031114541998e+00	6.645999171634975333e-01
-1.012376489476552788e+00	3.502871148005630708e-01
6.518493805448200007e-01	-1.749330761350972097e+00
2.292413304694835841e+00	1.816595037629290532e-01
2.001762640744154664e-01	2.715764582277950812e-01
3.227759612877364681e+00	5.735799618263665023e-01
-2.113211533088060978e+00	-1.942237551183234823e+00
-1.374364529023979431e+00	3.178498068253183817e+00
2.573164733215336675e+00	1.466653783947031275e+00
-1.454843969604303844e+00	3.394892379285887607e-01
1.249565267491718146e+00	2.708469387695376707e+00
-2.942225008093261263e+00	-6.089542528627100104e+00
2.568617500891809957e+00	5.924556647072956039e-01
2.536859293661023695e+00	3.854313698342350936e+00
2.307005306588379767e+00	-9.820629774747713370e-01
1.209839765779708642e+00	-2.487103591562584981e-01
-9.411725287174305121e-01	3.483957546752259216e+00
1.210484291998711770e+00	-2.651314593521041374e-01
-3.022076013773960512e-01	4.118384514329135548e+00
1.798642115743129821e+00	-6.122713453605568290e-01
-3.477594467133252043e-01	4.610725864119162409e+00
7.400684868544383788e-01	2.375787386601559081e+00
3.336974006234045831e-01	-3.820708365648336269e+00
3.641054166914374779e-01	8.218489027093718313e-01
6.286969284760894894e-01	-1.433550885189375013e+00
1.801805583482865014e-01	1.931607169464324647e+00
-1.079048536349820064e-01	2.145461950078368929e+00
-2.191156408453946103e+00	2.700684687185506139e-01
-5.651712614617829811e-01	1.185200486243360496e+00
3.194083329504933122e-01	-1.051441194934437995e+00
4.075756905347383885e+00	2.119249205372208955e+00
-5.795857454107355977e-02	-1.180969020001030323e+00
1.681607046193735133e+00	7.866650822179164226e-01
3.651770080644035854e+00	3.333523382876784069e+00
2.937426589521664688e+00	3.536764640568554885e-01
5.956227493534392847e-01	2.386786790342777298e+00
4.397114715216138947e+00	5.233123004895380070e+00
1.171486870150334259e+00	-1.325409817801099788e-01
2.414976506631450359e+00	4.620739837691667518e-01
2.307888662508725375e+00	2.198141985827950950e+00
2.408221427148070415e+00	4.983091837125496193e-01
3.181580259505744301e+00	1.056863738639761019e+00
7.519502215196227635e-01	1.756677023480631039e+00
-1.870777793969334635e+00	-1.409585353390764961e+00
-2.474053630427409445e+00	-2.471661831653490182e+00
1.047452238070291752e+00	-8.013264429462039207e-01
9.427135925788951987e-01	-3.883090875530286201e-01
4.568505442413477446e-01	1.535806765073331803e+00
5.742857799069986391e-02	4.040180108478740095e+00
1.169487518232848577e+00	-3.530482416088138731e-01
1.409328342512410348e+00	8.573490818563500593e-01
5.522619096970460273e-01	-6.584018373018545311e-01
3.195394070595035885e+00	3.981917460015893973e+00
5.486981860567399227e-01	-1.252468716802817461e+00
-1.389726874537415169e+00	-4.121644666999490170e+00
-2.507453027516663546e+00	-4.228258801500597741e+00
-3.538229474910989936e-01	-3.369424920125296818e-01
2.196886344466583374e+00	5.617143128453201406e-01
7.042968788025274485e-01	2.113864109377797007e+00
-2.828924334278594410e-03	2.362661293430690090e+00
2.116942481500654338e-01	-1.832711285725838302e+00
-6.501061576965291300e-01	-1.905910432335388371e+00
-2.214020675628830315e+00	-6.613868388035530899e-01
-5.603726513913576124e-01	-1.868155841985499999e+00
1.412734850611525594e+00	3.739175400207027433e+00
-2.786790248048859331e-01	1.231980505599401532e+00
-1.964756115840572859e+00	-3.448822826305448785e+00
2.782175728852155139e+00	6.614522520304373376e-01
2.488277624859683179e+00	2.836925414273247181e+00
2.457373887355829734e+00	1.990346288579034617e+00
2.971081225245411073e+00	2.951524438635699799e+00
-1.192460584527643253e+00	-3.872527722861188515e+00
2.309049564726032067e+00	2.080181405897856717e+00
2.796515020286591824e+00	-8.098178796579937888e-01
2.334361024303121646e+00	7.757306075454303285e-01
7.152795273094567641e-01	2.936920178937817205e+00
1.367736748759197374e+00	-5.046199720192994231e-01
-1.738361944799390990e+00	-2.396048436133625614e+00
-8.437842437802264839e-02	1.683371608689894217e-01
1.695733117319715988e-01	1.908303082105598403e+00
1.869377299207682031e+00	1.392805470538684531e+00
-1.355492274667478458e+00	-1.964515994782176644e+00
6.285985744463704616e-01	3.932642907062178228e+00
2.617708292563981853e+00	3.727625655392093229e+00
-2.768791804160515291e-01	6.885392399972383171e-01
2.902754569161434262e-01	-2.280082700135618534e+00
-6.344478132934785464e-01	5.150636920046596234e-01
3.703995720853273887e+00	3.514595553420309937e+00
-4.958255500085507750e-01	2.178319233043800818e+00
2.051305796272164805e+00	6.806564181928298485e-02
-1.792507306341553974e+00	-2.496928892665844835e+00
1.396054901248718227e+00	1.985274082511441662e+00
-2.242106432559468843e+00	-2.352094644135454882e+00
-1.161054206741133576e+00	-8.176337711955259380e-01
-2.550285512814809974e-01	1.988808508131004071e+00
1.527059523222893400e+00	9.127901259401722811e-01
-2.905644317043001745e+00	-1.853730291893709747e+00
1.101127116227678115e+00	2.436281197930879383e+00
6.374450305288689167e-01	4.374247888677663454e+00
3.270179015215897156e-01	3.186857633235865350e+00
3.765524530835144823e-01	-8.462192326677588916e-01
-2.209343470722093805e+00	-2.872737529744842089e-01
2.470550825260234618e+00	2.619767382421969160e+00
7.315682222099457732e-01	5.265239131782749382e+00
-9.448269995279123812e-01	3.905050788518837912e-02
7.893219379995244367e-01	3.349139236955166465e-01
-3.496039627535025840e-01	1.898502608686572168e+00
3.869417577489036031e+00	1.544128882081807763e+00
1.207332408666623280e+00	1.469561879254952075e+00
1.175896834107610145e+00	4.370710474736174689e-01
-1.402267143986701825e-02	-5.066956736233294567e-01
3.466867158748478950e-01	-7.204585432089003483e-01
3.371041674632094143e+00	1.049873448793896769e+00
2.639489002031014664e+00	1.672587587315049529e+00
1.748813930133007677e+00	4.279256770689444656e-01
-1.969264447186899414e+00	-1.790195657410989849e+00
6.972797920801119265e-01	-8.746681302310501671e-01
5.611172935463090150e-01	8.191011352462029826e-01
7.779504873807082665e-01	1.504479153106621503e+00
1.987269616401408534e+00	2.760984182486416749e-01
3.380157000948020851e+00	1.702249574324338433e+00
1.224839399786936012e+00	3.684229730152872584e-01
3.828879103386160221e-01	-2.105561246338202075e+00
9.628719393130398263e-01	8.793250023076559785e-01
7.341012125983561454e-01	9.385345772262134734e-01
3.377593892233619499e+00	3.772193390311508132e+00
-1.761998674929901032e+00	-3.352577431848281719e+00
-1.642968389165630594e+00	-2.957189981314193972e+00
2.829166877222988319e+00	2.689075516022136014e+00
2.091781901368237051e+00	1.820668075313844003e+00
3.952051426889149788e+00	2.038393325829930269e+00
1.189314970614314015e+00	2.540547349206357275e+00
-4.782286100546734309e-01	-2.706786691177625492e+00
5.850711640183190454e-01	-3.267951017088506660e+00
2.086679482756198745e+00	2.326668242633678219e+00
2.325907876066947377e+00	-1.557483030886954722e+00
-2.584565277468336419e-01	2.577733785750495610e-01
1.991934019487395791e+00	-1.991309010565158744e-01
1.869188491037126365e+00	2.772075639900486443e+00
1.105714669937425398e-01	1.466645215368772570e-01
2.618579689781324937e+00	4.469805884864545220e+00
1.614589143564703955e+00	-4.566646845821051848e-01
1.502765900549809075e+00	3.496547965011540526e-01
4.365078596577321335e+00	1.762819783869932877e+00
-9.815452207029849996e-01	-9.268319084619764947e-01
4.910238969631900430e-01	9.734091393075168241e-01
1.024217534001792052e+00	5.794437299377375172e-02
1.243494122513913558e+00	3.265473867558514875e-01
-9.709461231426367300e-01	7.534223606798979844e-01
-9.681679440305448470e-01	2.184879485705049085e-01
-1.176997126025998597e+00	-3.649840227418484240e+00
2.025853721780108252e+00	2.358339721120360721e+00
-9.517311779321171450e-01	9.345055686792975713e-01
3.617861046841091444e+00	1.738099501703874061e+00
2.755050316743061778e+00	1.949866375848627431e+00
1.949566827494253474e+00	-5.151234292246391622e-01
-1.733554716657416561e+00	-2.318783640415948977e+00
9.912135474579771011e-02	2.125878479661141629e+00
1.620451412754771781e+00	-2.390496213854309548e+00
3.785200405641080817e-02	2.355007417191365082e+00
2.716802763361366502e+00	1.978329796105597671e+00
1.108075761469747400e+00	4.981417403562462098e+00
1.490906788977971242e+00	-8.757401940899243176e-01
-1.681949263924268800e+00	-2.575161926302276694e+00
-2.164688471943531312e+00	-4.104252196164458688e+00
1.473967858370956119e+00	1.622761881454191535e+00
-1.192674117122779709e+00	-2.938734927412880449e+00
2.637019863389265861e+00	2.992174366653738815e+00
1.041921500200497563e+00	3.548660844202088605e+00
8.498423468944249493e-03	3.537024672216571020e-01
-1.275214067281775110e+00	2.546594558814915032e+00
3.495418405574711951e+00	2.287656837598959214e+00
3.346364464954627582e+00	1.101221162266901477e+00
5.264528087071028428e-02	2.372023737566343549e+00
-1.410955111474559986e+00	-1.930785033454084365e+00
-2.508307644046061213e+00	-4.348591036955160583e+00
1.725980933794768468e-01	-2.140251182517385331e-01
2.835326625110157761e-01	-7.545193941711891839e-02
-3.058711885164758226e-01	2.023632259833096469e+00
2.643185128579950582e+00	7.928939863839029600e-01
-6.757314835070227232e-01	-6.247605179894539784e-01
1.829322910528530244e+00	-5.511694942235534356e-02
1.954380460609237868e+00	2.505277137585757430e+00
5.925417113482622788e-02	-2.824510724263092687e+00
6.948968039339983305e-01	2.313339092657146878e+00
3.071036269570891708e+00	2.773114177324311314e+00
2.036850302537917656e+00	1.611188845638082956e+00
1.435877711602217888e+00	-9.059269663348692436e-01
2.464333326303252747e+00	-6.107600762275300355e-02
-2.293051882561702559e+00	-1.261138289628862541e-01
-9.392690658248969982e-01	4.122180464510423192e-01
3.104575200358052456e+00	5.001386751418554155e+00
-4.975791633432030125e-01	1.391669449995191377e+00
-5.633869533280269071e-01	6.434547787770452665e-01
-5.895263240195888765e-02	3.318150034567616480e+00
-1.470303116939579491e+00	2.457639189256506373e+00
3.814345401806565228e+00	1.507572019069508329e+00
1.242645503144580665e+00	1.193467652836861959e+00
2.864634332848748244e+00	1.104069062695794523e+00
-4.076399606416960530e-01	-1.987804057618124842e+00
7.461644651302716813e-01	2.146141449243730737e+00
8.516473772774988404e-01	-9.605956127909598408e-02
3.443081839905049790e+00	5.360438768757092021e-01
6.764908016667485757e-01	8.069113779585295188e-01
-6.392901368118060201e-01	2.212122201196528692e+00
-2.316931512306343421e+00	5.686212620352679714e-01
9.907783818556266109e-01	4.417853282382627533e+00
2.731827495579060017e+00	9.982082507499534518e-01
2.530726099361481740e+00	1.718438154809013074e+00
5.653411241555590383e-01	-3.883068529948108250e-01
-2.600578135965578408e+00	-2.019579014074341927e+00
4.246206677420780728e-01	2.879747422374238752e+00
4.095147018188973753e-01	3.561368026033466805e-01
2.640774935639765175e+00	-1.432273271254810076e+00
1.465364668779557678e-01	8.926025709051477186e-01
7.215638153330616866e-02	1.785427064484454984e+00
-3.205051598311779992e-01	1.360852815824158402e-01
1.116175619532536745e+00	2.603839892451939031e-01
-8.761726158109147677e-01	4.112973417717327607e+00
1.290726384964168805e+00	4.702523049957585410e-02
1.226366660436326361e+00	1.262711319313503999e+00
3.120449823769584907e-01	1.864889990639791773e+00
-4.093799274800354882e-01	2.256279049522450286e+00
1.201078840891948829e+00	7.836727773556941834e-01
-1.409256665467633729e+00	1.340121121425119188e+00
2.418035474887971326e+00	-1.165235238860029554e-02
-1.198982469493632408e+00	-1.224855079333921015e+00
1.183963684685098494e+00	6.892624114296888038e-01
-1.232193830840943860e-01	3.375730026514192073e+00
1.549609239685034057e+00	3.786740213390661358e-01
-4.095358896892802303e-01	-4.128090410643199704e+00
5.217150389674380939e-01	-1.189416754221639394e-01
1.777486682762391190e+00	1.783891688857353719e+00
-5.836234797352659598e-01	-5.609376746575041039e-01
-2.712148336338930932e-01	2.968709819103408254e+00
8.424045890095002154e-01	1.934706469346058055e+00
2.561587538455324164e+00	1.909258931266264003e+00
-1.045237316295697827e+00	-2.396030832713670566e+00
2.621174515053992682e+00	-4.218250055847190261e-01
5.559279024416545756e-01	-3.908112374786774090e-01
2.398928653848347192e+00	7.845520952823660243e-01
-1.866881749371893218e+00	-2.094964194032429283e+00
-5.702525739205246413e-01	5.841938678519482675e-01
9.058797611538025318e-01	2.523362711992249707e-02
5.465826720986357579e+00	3.343835521130867683e+00
2.505418515856834727e+00	1.110862720984229668e+00
3.153291201414379241e+00	2.666418208869837603e+00
2.030645234102107288e+00	3.248554296562762289e+00
-5.075858175918916970e-01	2.549213521060202936e+00
-1.721047626903145833e+00	-2.499543230111937575e+00
-1.567283866086094379e-01	1.405006789754862595e+00
3.338186698521544926e+00	1.579927650662791505e+00
-2.215333827025283142e+00	-4.500094231796641253e+00
1.728661627700514569e-01	2.890686956336765867e+00
-1.776318498166811866e+00	-3.775194431198560796e-01
-5.115953381866578109e-01	-1.235600627016331110e-01
2.272385621752572415e+00	-1.828974031807708567e-01
1.066596557167363457e+00	1.640768869198117930e+00
7.460515850142801497e-01	2.277030567894801072e-01
5.483422627722283060e-01	3.515243644831578251e+00
7.922522837678094287e-01	1.940989898876387620e+00
2.583158654973050972e+00	2.114879798129805089e+00
9.433092205324138391e-01	4.375493021684385475e+00
-6.369435406803344857e-02	2.089756220171464562e+00
1.339559920216313871e-01	4.129221956708249763e+00
2.242494212786162233e+00	1.553602768476102014e+00
1.032464697586183977e+00	1.694936146941763200e+00
-1.344355720570493906e+00	-1.129444606299045084e+00
1.103076002583809334e+00	1.580173650959904474e+00
4.563872006837188522e-02	-1.460277870903085251e+00
1.554121662994088160e+00	1.993121779677582861e+00
2.957826561747411986e-02	-1.542883511444675282e+00
8.337745491045669421e-01	1.208581315159645619e+00
-9.205723186445187167e-01	3.615039947428837053e+00
-1.707686786608022755e+00	-2.421139379807796921e+00
1.138389601112238081e+00	-5.901875943353491749e-01
-1.596974157149572138e-02	5.284246195697905879e-01
1.789551779995725456e+00	1.086328490559652193e+00
4.179540488491849004e+00	1.078913575230993516e+00
5.794465325511902742e-01	2.871511257816109275e+00
-7.107500017890550081e-01	-2.596020270812333663e+00
2.358045971963457887e+00	2.381869467800051599e+00
-6.465566708695894560e-01	-3.456453433303788181e+00
3.007075562909927169e-01	2.025593893990934813e+00
1.440469685510413544e+00	9.213245533859313330e-01
-9.507038882107381461e-01	1.899593150354066617e+00
-5.306073076929285204e-01	7.037483820710079829e-01
-5.784310199513420514e-03	4.055682105269714732e+00
2.697332496940898494e-01	2.950390997406986404e+00
2.736448823865047508e+00	1.824250298628404376e+00
7.742558994916546311e-01	-1.644594895891917652e+00
-8.747294989770206808e-01	6.991206064417374577e-01
2.834895715468071509e-01	5.701759959156817104e+00
-3.605289967296201326e-01	3.515970437061092468e+00
5.981574148724853046e+00	2.409167076533238472e+00
1.406385194474244926e+00	9.329580654812035245e-01
2.268703320510477184e+00	7.575912321200743982e-01
-1.983832474281164160e+00	-1.128883130139797686e+00
3.574065266082230963e+00	9.064812104120123504e-02
1.844184786148422184e+00	2.036332204246894317e+00
3.297028037234772668e-02	5.453101001009331705e-01
1.571989392337084013e+00	-6.103221714268050047e-01
3.451411551859755455e+00	7.090853434892419038e-02
-2.431994343908744138e+00	-2.758487463390999483e+00
2.874859100713361038e+00	2.305253295918461731e+00
-2.052275301420160569e-01	2.653583884747100718e+00
2.016919668743659688e+00	4.929085554779200073e-01
-1.212478707472329498e-01	6.250220532029013842e-01
3.220110639428226840e+00	-8.868772936910860327e-01
3.034724026040377165e+00	3.926498547383061588e-01
-2.774219674444690753e+00	-2.286459301834915969e+00
2.513472432258930134e+00	3.893264994362697351e-01
7.218496615777727499e-01	-5.984113850756211939e-01
2.603298987153541133e-01	3.491396697373504665e+00
-6.074526888421385440e-01	1.228125112435243915e+00
2.916715464083851295e+00	2.588349634636818664e+00
3.107046678200711121e+00	1.411232896918598989e+00
-2.023105514428401031e-01	1.465632026943458843e+00
4.527478936800047316e-01	2.795280694143857048e+00
6.817030688038436814e-01	2.142830276422802882e+00
1.642609109545662971e+00	1.722184218112910559e+00
6.803101520211374265e-01	2.781593721908981909e+00
2.452004540559205026e+00	2.655540144166804950e+00
1.220192731049693169e+00	2.057580536121359494e+00
1.420162431602016273e+00	2.837870769704358587e+00
1.417372796428446602e+00	1.222095085575263029e+00
-3.353853259638999162e-01	-3.944463497316224032e+00
-1.474523986166092149e+00	-3.310935134147018566e+00
-1.052807117633003386e-03	-2.741910292923222414e+00
5.277502202420326638e-01	-5.513702492548921974e-01
1.474941732760975954e+00	1.311671506232735096e+00
6.991639788608532413e-01	-1.392256360000784454e+00
2.207410177894025605e+00	1.481323293836600552e+00
1.828143496793243061e+00	4.543753931697138704e-01
2.614739571274279140e+00	2.696034777137696459e+00
5.311130129813927958e-01	-3.662219958053753999e-01
-7.023554028835232721e-01	-3.808911297319179212e+00
-6.240909059004927650e-01	-1.836156263040173764e+00
2.041695010919916342e+00	1.585374287935986004e+00
-5.460896290689314370e-01	-1.155546334467273617e+00
4.518178865601618632e-02	3.417572325432657543e+00
2.862996842564770716e+00	2.085441782007635858e+00
1.403872324718431486e+00	1.959473962565721372e+00
1.149093522337959694e+00	1.881636989251241676e+00
9.100546156871468506e-01	2.042659466920853983e+00
2.254108391100284603e-01	-2.992108954715320568e+00
2.030257230503536903e+00	5.059576742964858598e-01
-4.606415516205351196e-02	1.964869449620715969e+00
-8.236881363690128355e-01	3.821740150512682455e-01
-8.630959004910392363e-01	2.896610716699068000e+00
2.296292775803136177e+00	-6.954888716032752161e-01
4.819067139129711741e+00	3.267556122331923607e+00
-7.004667126079243689e-01	-2.664620338088932172e-01
-4.585907495025987046e-01	9.170066603968196617e-01
2.893006704113273653e+00	3.319583958207392715e+00
3.596370337387523985e+00	3.081609590075572447e-01
-1.371448433607976636e+00	-1.945202295600943820e+00
-3.585893425675820811e+00	-3.091364031894006992e+00
1.809514458468113318e+00	2.561643800098076795e+00
-4.395828705778589418e-01	-5.475743982422143219e-02
-3.227254642065741086e-01	5.304603042702593640e-01
4.187694194482039500e-01	2.343854471112938320e+00
3.983501439285445089e-01	-2.380410864096615065e+00
6.921759858419630485e-01	2.045610166741748337e+00
-3.628734526644517011e-02	-5.414791232670310706e-01
-9.224931036501595738e-01	-1.114831330319273395e+00
7.321086558431613156e-01	6.642166985673547686e-02
-8.827283528229801224e-01	1.233860583461566129e+00
-1.781717188126403784e+00	-2.862255299370548567e+00
7.591294988382699671e-01	-9.123591391718817167e-01
9.133174233389462771e-01	3.466021908593863721e-01
5.190670930188741039e-01	1.109340084276528415e+00
8.683623173271026729e-01	7.883134868512648996e-01
2.210561091860895888e-01	3.143781451629307444e+00
1.372418884424146945e+00	8.273136756895955735e-01
2.419532418088130576e+00	8.025572640817251191e-01
2.959908899776318769e+00	8.928981686249812810e-01
2.159186320164124151e+00	8.645869972691411220e-02
6.433953800927475486e-01	3.804609769258294527e+00
2.533960882041923490e+00	2.468891660114043596e+00
1.276973890830709335e-01	3.917940744578123358e-01
-4.165691600536828854e-01	1.311562359772113107e+00
3.865025525515823457e+00	7.219707425849963833e-01
-7.751808898379763946e-02	1.737635243821013642e+00
3.311335646019813339e+00	2.300631510254025791e+00
-1.966555590310488988e+00	-1.565311890209140078e+00
8.662818473461930679e-02	-1.794014667512842554e+00
3.132106400425907378e+00	1.272421049124447645e+00
2.857237265360584644e+00	-2.841216285927216312e+00
-3.794379996090573304e-01	-1.256353371852259038e+00
4.692300063727223858e+00	3.400462645989431820e+00
3.005880956031373508e+00	4.810853971050470967e+00
3.383528790798615016e-02	7.154970280189079102e-01
-3.527797016695330967e-01	-5.658422516730072793e-01
3.460439803070324838e-01	2.391012624698531930e+00
-2.275580186736230637e+00	-4.180947442259274283e+00
2.175848499844493578e+00	1.965567955599864636e+00
2.906417584600362591e+00	2.716585902435604716e+00
2.291623635558285965e+00	-5.349172132685180436e-01
3.207045140009141537e+00	2.072618721137044151e+00
7.672848236431217828e-01	3.113137340973832323e+00
6.538523258758144330e-01	-3.293431530108805738e-01
-2.805330507772332838e-01	1.283956291011799422e+00
-7.149036492082518901e-01	-2.367518622029671338e+00
-5.787049947600936273e-01	-1.571004972749832307e+00
1.165134558649653318e+00	7.778603772402072902e-01
3.528658461514705191e+00	2.721431774350730137e+00
-2.873067176859203653e-01	2.304137794547267859e+00
4.925498859695913167e-01	3.565764241585363870e+00
2.656470611810405114e+00	3.130419019832926253e+00
2.982101303764848943e+00	5.217127777869134952e-01
5.362470555664976546e-01	2.409901045025573563e+00
5.801983052555648168e-01	-5.139905354522062986e-01
2.356630266888499747e+00	-1.729925506262000034e+00
9.424487318410821324e-01	1.521400501756642321e-03
-2.614553371439723328e+00	-1.773942185833931706e+00
-4.246673216708108933e-01	-1.137836346318916503e+00
2.842506361872132015e+00	-7.708374770053494363e-01
1.100439748327405098e+00	2.961111269096117216e+00
1.730246739825995084e+00	4.319958126621826766e-01
3.139548417396516911e+00	1.150281134893736068e+00
2.598425953827614432e+00	1.206524295759114240e+00
-5.500712224486821178e-01	2.089382838121714325e+00
3.160191144857490642e+00	5.796746224468742881e-01
2.428744755478223549e+00	9.219256447565787882e-01
1.904686881910091945e+00	3.607151040042149592e+00
2.744008099848599613e+00	1.871541338531828025e+00
1.233590909036595962e-01	6.632884094152881715e+00
1.361519664857883782e+00	1.310947642788649947e+00
3.476718816446052962e+00	3.018340041263389839e+00
2.024591380489087822e+00	1.884251523069190082e+00
-9.986497903279919486e-01	-1.278322967718881209e-02
2.719677887823008344e+00	8.439096487387317547e-01
2.069299738745341566e-01	1.331442979050849296e+00
-9.391495968142252737e-01	-2.194763212709954558e+00
6.123217945365742043e-01	1.061660315727539494e+00
-1.597387979207301800e+00	-2.966792223534252315e+00
2.742014449783984897e+00	1.988659647204426006e+00
1.288229272260139613e-01	-8.269407080753965467e-01
2.045075944395822631e+00	2.234122017306729990e+00
4.857230619407559291e-01	2.985612506786337050e+00
-1.181242654870726660e+00	1.187736559701241701e+00
2.004895324840207049e+00	3.008717340312691224e+00
-9.114474951397357749e-01	-2.137410979743562311e+00
1.945413597188982990e-01	-4.708578061357970856e-01
-9.419335578882624960e-01	-2.012484955604564973e+00
3.883145003289785180e-01	-3.664415530535751753e+00
4.008961749665314933e+00	3.138547234799760055e-01
2.385428976541237311e+00	-1.043155926440180625e+00
1.634633965448206272e+00	2.194870105809740402e+00
1.894119858540417312e+00	4.987815934466313106e-01
-4.370177188734702955e-01	1.335444600661375603e+00
-7.102495763590241928e-01	-1.235388335615751565e+00
2.207232402844379937e+00	1.271789072211869653e+00
1.212660508051107477e+00	2.141381718497923359e+00
-4.780462531464041431e-01	1.320207160713190664e+00
-4.129439054261693220e-01	5.226032439684114017e-02
1.758440473036319895e+00	2.091903277407726414e+00
9.105322003143920817e-01	6.823407380772319453e-01
2.248045586028382115e-01	1.655655445511960977e-02
2.400206342633315781e+00	1.863900217826926831e+00
3.183619147703126151e-01	4.156276994341595810e+00
2.664868529422084187e+00	1.055864374759392099e+00
4.737779513975231005e-01	-1.275155864448123566e+00
-4.113610001888865497e-01	1.727317727286023175e+00
9.241728385024878811e-01	3.309597976174599054e+00
2.819143735605960988e+00	1.564257048161791896e+00
2.477341177562323971e+00	3.240427887476469149e-01
1.218933193270237858e+00	-7.307043891568927307e-01
-1.759854466451609589e+00	-2.279556895906872160e+00
9.278776692897636735e-01	-1.031710284787311860e+00
1.352057151954584313e+00	-4.791131131293537848e-01
2.278707704605320919e-02	2.294676117937570758e+00
2.618593764214392827e+00	-1.223026927613934944e-01
1.133102515480360672e+00	1.770283529040619808e+00
1.202565794300967994e+00	-3.333814635007725791e-02
-8.258293507441888393e-01	1.177472570984489320e+00
2.505241986493854434e+00	-3.670555666090189462e-01
1.557192728488681510e+00	3.870957802998978847e-01
-4.134805136306005657e-01	3.612468924925260616e+00
1.677126952882138866e+00	1.145277786012264043e+00
3.440905920713253074e+00	2.177574324972966657e+00
2.094282190641434394e+00	2.922883291370045544e+00
1.790774091061559936e+00	1.730659771877778308e+00
2.022780982375371295e+00	-6.506269588977382501e-01
1.866555388703347029e-01	2.419996452040908075e+00
2.519373914179046103e+00	2.716786976826305100e+00
-5.576519686444725288e-01	1.486321108132492075e+00
-8.801900773316846394e-01	9.682170697390541925e-01
-1.866982837765190917e-02	3.371493199656957263e+00
3.856676101979243487e+00	1.319080439201130606e+00
3.838183465574586783e+00	1.445798607678188796e+00
2.857876759970631397e+00	-3.184288127696923709e-01
3.835098586915989261e-01	3.865579481977235332e+00
2.000308018673289112e+00	1.825915180799265514e+00
1.125253333366857955e+00	-3.842175349254901562e-01
1.550525194577338617e+00	-8.257836171821786309e-01
2.175286616071023360e+00	4.636594302837442338e-01
4.554732737135797294e+00	2.280632265065477782e+00
-3.351136461740090500e+00	-2.481663609208510923e+00
2.141007108571792106e+00	6.294835974738578477e-01
9.462520930010458464e-01	5.147377904579464314e-01
-1.929352484107830223e-01	3.342908320529220934e-01
2.786942874987887286e+00	3.575747913937458389e+00
7.712390051429305338e-01	2.845346396675614287e+00
5.315821575029999746e-01	3.295324839940366957e+00
-8.971959438779040230e-01	-1.534021600741756641e+00
3.785002626923394953e-01	3.560745795733692098e+00
7.711989668531571418e-02	2.224199970386034231e+00
2.042813580302320631e+00	1.082931011151640144e+00
-3.561944915285055746e-01	2.596029324925650528e-01
1.612394268373805950e+00	9.674991006671307403e-02
7.547630566956915477e-01	-8.145896923872513185e-01
8.784289483208560512e-01	6.594542056829586496e-01
2.103540886047377878e+00	9.676430042131959341e-01
-7.230854038187973787e-01	2.235800411978055902e+00
-9.152965184315502434e-01	8.229948890849778653e-01
6.902698137451388494e-01	5.091877942569236204e-01
-1.846552209321634219e+00	-1.243271720275544112e+00
3.006097113751767580e+00	3.264850344902616719e+00
1.340886771012267387e+00	-8.544838676285855250e-01
1.551864483934631389e+00	3.759512094681186412e+00
-1.946399261090684618e+00	-5.126764740201729786e+00
1.231446305747583736e+00	-3.738284157065607793e-02
7.691017738030196949e-01	-2.700718360313675959e+00
-2.654826382426977993e+00	-2.681135325942741954e+00
1.648399400214866084e+00	2.812765820081270185e+00
-7.903891778655347533e-02	-1.746403206894010296e+00
-2.510470968752231968e+00	-3.661074919053737275e+00
-1.251564921358218063e+00	-2.836375999849084728e+00
9.297187467089544910e-01	3.477085157181471153e+00
2.521019720795442343e+00	4.560731162985497633e+00
-1.132264441830015178e+00	1.587006936462953099e+00
-7.930687174404459361e-01	2.146492016843179140e+00
1.635694976528812461e+00	5.532461768961904891e-02
-1.534788534386096970e+00	-1.117915064625660371e+00
2.040506900929523582e+00	-4.954598846485123165e-01
2.936880010578397093e-01	2.128155597580172476e-01
1.236771178053002851e+00	2.342876465716021706e+00
1.187928591159992608e+00	1.362236614559503511e+00
6.932030422422716942e-01	7.810614559629748266e-01
3.443886330986515865e-01	4.676168130311459947e+00
-1.272255573837886011e-01	1.281116607648512762e+00
9.405567466981850089e-01	8.123875724261853115e-02
5.059977718925756651e-01	-1.525223242008874713e+00
7.534145865260166719e-01	3.405690820523219031e+00
1.677716373108032677e+00	3.660840357835790648e-01
-1.514237341608843046e+00	2.084275585051979629e+00
-4.783733892994374015e-01	-2.337870911800986384e+00
2.434108728808338729e+00	2.406152450536693799e+00
1.771628566742458055e+00	4.667033317507107704e-01
-4.960468150264629728e-02	-2.749643593491135185e+00
7.596952135978978227e-01	4.449282886661140246e+00
2.753840780104673147e+00	5.570185919820067610e-01
5.263452638124332950e-01	-2.055622556075880514e+00
-2.414980973224168381e-01	1.152465951767924324e+00
-6.877131251123046463e-01	1.483705473368543526e+00
9.668178318377832481e-01	6.471279749272524917e-01
4.788671042018051785e-03	2.132789867728533739e+00
1.245166984824452872e-01	-4.706648749084092476e-01
-8.309730010061170402e-01	-1.823306619345449686e+00
2.092611668553668647e+00	9.410190659723774997e-01
8.701276693749964153e-01	2.290655424948530028e-01
-1.292661159618615496e-01	1.623280798909292333e+00
2.473444627449250088e+00	2.059798404277239037e+00
2.377815607699117706e+00	2.720621084452347294e+00
-2.418181391488322340e+00	-3.929856167815529489e+00
3.167564808889395067e+00	1.500827375555561005e+00
-5.610385251385312522e-01	2.651751228850698361e+00
-1.537499105163042223e+00	-2.819824855401874331e+00
-3.123902387968024996e-01	-2.367429835584713871e+00
2.858019961421391919e+00	2.168368210553752728e+00
-9.671906713200266736e-01	2.339277598763153332e+00
-1.901879827651411503e-01	-3.211188997316178906e-01
-9.112676897488946048e-01	5.124919932311664539e-01
1.684789345328786991e+00	1.525020295053583608e+00
-1.511805311294940335e-01	-1.463671253723471288e+00
-2.345547694842439412e+00	-9.704306551399017877e-01
2.646614652510289822e+00	2.454344244783652762e-01
1.267039178964634694e+00	4.087377792252897102e+00
2.880488182606004699e+00	3.237478763759333411e+00
-7.024603546935895837e-01	-3.698860756307546627e+00
1.126290245603207119e+00	-1.129006322073878632e+00
2.468620226486231140e+00	-2.685284714318756372e-01
-3.879879963201640081e-01	-2.991915162366129977e-01
2.846587829300100125e-01	4.595040964668072547e+00
-7.302309517542091566e-01	2.356262566871820230e+00
-2.713959724527156503e+00	-2.197502462869572515e+00
-2.422727545966620044e-01	2.739630042786131092e+00
-2.393139738498104713e-02	1.675892277777082828e+00
1.239801071008873157e+00	5.775435270746993588e-01
3.448934247223551353e+00	1.752524356253210680e+00
-3.327901393449110845e-01	-2.440375110409210624e+00
1.277025199980856840e+00	1.337519778932219072e+00
-4.027672974221849223e-01	2.202871586716378616e+00
6.807994940672246198e-01	1.195343836866879395e+00
-2.071405531656215881e+00	-2.934027246606709216e+00
2.557381097637646761e+00	1.590521888638467329e+00
-9.574216842176009878e-01	-2.390330711947074693e+00
2.758017276886577385e+00	2.646529534803995443e+00
1.771316997595249187e+00	-8.010497806218808137e-02
4.045788721699873136e+00	1.917151395541190739e+00
2.134537520940662514e+00	1.640422455682677416e-02
-1.046940088796990187e+00	-2.859554033521797933e+00
2.913509954613215047e+00	2.024128553835619293e+00
9.469890042454385259e-01	1.648709870231930275e-01
-2.757479223375766675e-01	7.992655570912137186e-01
-7.927423402666143870e-01	-3.826878475661371848e+00
-1.597582278902134334e+00	-4.722612737063554000e+00
1.840635409117367338e+00	7.586702346258354934e-01
2.601710979657244627e-01	1.220634927372146628e+00
1.904386368868093982e-02	-7.810438040354283906e-01
-1.416921958483238875e+00	-1.969500681033995448e+00
-2.383192484383044096e+00	-4.815285142779092808e+00
3.118170473956573208e+00	1.875142468522631445e-01
2.571921261741527687e+00	1.189257277815375158e+00
1.870327136709445170e+00	4.828196104360012342e+00
1.496096974977939809e+00	2.469678862019693888e+00
4.429692057256783833e-01	-2.039032557024906822e-01
-1.897938670806251338e+00	-4.878024342054014362e+00
1.832682594167287293e+00	1.614866758072348585e+00
4.931827215888734961e-01	2.495198207925500178e+00
