-7.496769904546037644e+00	-4.795778298355619640e+00
-9.876978199480310749e+00	-6.828510172321480276e+00
2.209804997802131687e+00	3.167212788652825628e-01
1.820085943284943442e+00	2.655291091761938782e-01
-9.256010702753904695e+00	-5.956184597308534556e+00
1.897673739002885274e+00	1.065555631696397665e+00
1.480006938827064689e+00	7.627487089842110990e-01
-8.498819102242496371e+00	2.945322256434917962e-01
-5.239792190310286202e+00	-3.265749213127836725e+00
1.500592644590665437e+00	6.947674412801501109e-01
-8.564838863559987914e+00	-5.248277192382497347e+00
-1.732504929504671054e+00	1.054773822133217021e+00
-4.140994296462939595e+00	1.634351858647472788e+00
-1.502633055279179342e+00	2.650496768908078282e-01
-3.351186582673391534e+00	1.085354700492218383e+00
-5.124291010743866615e+00	1.957810168580321752e+00
-9.657686797364579689e+00	-7.543348337965548822e+00
-7.323691291379383905e+00	-4.890602793286128680e+00
-8.713239213604730082e+00	-5.796294782233473164e+00
-3.478258035557194816e+00	2.223965911223153125e+00
-8.009319010969880637e+00	1.308686275773531360e+00
-2.837421147626576712e+00	-2.183038051807584701e+00
-8.440472333999096577e+00	-5.187092444710736494e+00
-7.933560639749527077e+00	-6.362795997228529288e+00
-8.817189748865260412e+00	-4.579256336672505867e+00
-8.180259759733942815e+00	-8.050581691709689736e+00
-9.060212281729210559e+00	-4.167501202128092608e+00
-1.761552039606973707e+00	-7.599731518065777625e-01
1.981661685115015725e+00	1.234901088843159411e-01
-7.521521223373707876e+00	-6.045940467469324453e+00
4.631578749710540954e-01	-1.720359090811189873e-01
-8.338261619060512331e+00	-6.784566858424687652e+00
-7.604012672521697880e+00	-7.426685900202874002e+00
-9.026662433738152913e+00	-3.944630156067233884e+00
-4.198824036799263304e+00	-2.715373534118948662e+00
-4.651508743417929637e+00	2.273439023751317567e+00
-5.072963799843725141e+00	1.058469963336752695e+00
-9.940503989183937961e+00	-4.959588810737746378e+00
2.173567887883647298e+00	5.998958142481374267e-01
-6.032760308027906859e+00	4.641323727393981358e+00
1.910464842333591262e+00	1.617038351618202308e+00
1.890555455214261826e+00	1.385399379872088166e-01
-8.566376552055128712e+00	-3.987933978839668825e+00
-8.571757617701857512e+00	-4.103543944414995259e+00
-6.848810874801039006e+00	-2.194085725557793909e-01
-1.401170143197181250e+00	-6.432615757739990059e-01
-7.987776097367330408e+00	-3.869927365165001909e+00
-1.003012797783472010e+01	-5.140980735444632188e+00
-3.960081656135757910e+00	-4.094023660607470361e-01
-6.505612014786588126e+00	-1.600287408755859175e+00
1.456343542856926021e+00	2.473061580541575655e-01
-9.290698181240941267e+00	-5.681725857637091259e+00
2.172780832233527804e+00	9.157174987293047463e-01
-7.217635033236918574e+00	-1.308466123822654703e+00
-9.880275090503648272e+00	-6.253621505024417715e+00
-2.414935618237045389e+00	-3.919140347881164388e+00
-9.906092436518392219e+00	-5.087900355038638800e+00
-9.485653869741129895e+00	-4.976565533174147404e+00
-1.391622452616294581e+00	-4.024946938548167985e+00
-5.509682609855271807e+00	-2.967942295596999180e+00
-3.710554757549584082e+00	-2.841011503147257145e+00
-6.041807480844156863e+00	2.767052413299142088e+00
1.262778383808940141e+00	1.590710536285659948e+00
-2.623634492089610859e+00	3.448316342447799165e+00
-5.961006782357273437e+00	-9.199255219787869642e-01
-4.885340572699848671e+00	-1.396724308521459790e+00
-6.495265345957827563e+00	-1.584532473974189060e+00
1.969567144837606643e+00	1.028454012408941409e+00
-9.391198586667384163e+00	-6.976665785730745029e+00
1.800193020078700634e+00	-2.364639225116479393e-01
-5.829925208998478325e+00	-2.290834311817344204e+00
2.239168543933765410e+00	-1.182137028737894058e-01
2.359020799146051228e+00	-5.044218251049210622e-01
-1.067417277649352947e+01	-5.043762239242748358e+00
-4.519879849347070433e+00	-1.026480740651357415e+00
-5.882752684793835840e+00	-2.605970467746069552e+00
-3.467006815034604728e+00	1.453673233078230376e-01
-2.480268631389475953e+00	-1.437572763411781196e+00
1.912702982866907986e+00	-1.146332442941745411e-01
-1.922860101242050312e+00	-1.747732756875600701e+00
-2.423012258582712963e+00	-3.025433679669057518e+00
1.535890336022166514e+00	5.887506001563282965e-01
-4.557485599377108620e+00	1.443722402367075608e+00
1.770824711473687252e+00	-6.173729238271398190e-01
1.419319251488492029e+00	4.203360489089602581e-01
1.852778382857299677e+00	-3.814080668072095115e-03
-8.723244154564708808e+00	-4.755611494169829534e+00
-1.074049057730672274e+01	-4.842183047056214384e+00
-4.201512335333902115e+00	-2.557391030335826709e+00
2.287964345449198689e+00	6.650951028639109364e-01
-8.192465746799893367e+00	-1.159752087532255782e+00
2.690243344648343360e+00	7.428331606777910379e-02
-4.648316399229539542e+00	4.859357646646951245e+00
-9.830604008503517122e+00	-6.363810908445995729e+00
2.144213230486855970e+00	-4.232762947816862686e-01
-8.323286776508380669e+00	-5.908479060236226488e+00
6.004963483968728255e-01	1.124547002982885929e-01
1.999281868584088517e-01	2.761593531403431223e-01
-9.074131916444558854e+00	-5.337412052648106808e+00
-5.465021932200317956e+00	-1.523045589279492740e+00
-9.100447915346061123e+00	-6.985585374701667405e+00
1.712976973725041319e+00	3.400967928285343778e+00
1.927492084914397052e+00	8.341687193530653577e-01
-1.030126088987146993e+01	-6.061182213680845976e+00
-3.065116940821411617e+00	1.233623459180695381e+00
-1.045531004759479288e+01	-5.508388828267225534e+00
2.033669731285640658e+00	3.485741410794057638e-01
-8.665415498271631378e+00	-5.811252951389692001e+00
-3.872847308350008344e+00	3.816875078077748284e+00
-8.021506458197926293e+00	-6.161022137205740101e+00
-2.731425011121919599e+00	1.562806054342614104e+00
-8.414398803422342255e+00	-4.073733825930403007e+00
-8.820108592518050017e+00	-6.845389771614625474e+00
-1.040884091689629543e+01	-5.841057712923279688e+00
2.207050424406087341e+00	1.442613259593590769e+00
-4.727333779995534613e+00	1.916777100569611481e+00
1.969627981308019526e+00	1.553373439131513045e+00
2.045792928302995417e+00	-5.896578787960162771e-01
-3.361931766445816372e+00	5.084403675251083499e-01
-7.209475562874589016e+00	-1.016337159831339099e+00
1.400196948184531776e+00	-1.784140899298641836e-01
-6.743151215141274690e+00	-3.611892883499195683e+00
-9.133838672648842305e+00	-5.149702781458045386e+00
-8.593432405110972283e+00	-5.480609502003649602e+00
1.223070190744980135e+00	1.677164460775725230e-01
-8.968669169488844517e+00	-5.709827112132518145e+00
2.304596294290448988e+00	3.678433047691746505e-01
2.697013041953375101e+00	9.368360574453828971e-01
-8.591640454521410675e+00	-7.659349373516713300e+00
2.354940256796313580e+00	1.285145276769707468e-01
2.115757391709647717e+00	9.615924184053223911e-01
-4.016052978056088740e+00	1.271375526590952765e+00
-9.042310657417800712e+00	-5.732263799873051013e+00
-2.180197852332230735e+00	1.111778197874092822e+00
-4.523759439655027137e+00	-3.670039929795668066e+00
-3.027123087320760852e+00	3.057976313473792507e-01
2.090020366555461084e+00	3.955740044420276158e-01
1.925971268496859290e+00	3.273016834376274442e-02
-9.323615049338670246e+00	-5.395308905574363934e+00
2.195518764183398197e+00	3.298809854298013766e-01
1.981786976983171966e+00	-8.300054431254446641e-01
-4.318372776238623700e-01	-1.718247947798921427e+00
-5.199256106094995111e+00	3.464571378855450412e+00
-1.067229362617140609e+01	3.731913694501060030e-01
1.978174011808558674e+00	4.123228016546991448e-01
-6.515445534671620464e+00	-5.371132932696756512e+00
-9.255680682222607203e+00	-6.744031624077560849e+00
-9.614597138339844307e+00	-4.918487163969652798e+00
1.862173263271955204e+00	1.085169665095288449e+00
1.234061369785321549e+00	3.348170642199954639e-01
-7.759078995358191122e+00	-5.679485594187775988e+00
-4.227888619186157548e+00	-2.523063201248358034e+00
2.822954906087895122e+00	-4.115642256931273391e-02
2.777255746552636850e+00	4.740659577838020611e-01
2.526557597295984170e+00	3.762290464460208428e-01
9.987433755158915405e-01	1.043926877525329644e+00
1.897237562243232034e+00	4.897573609113176074e-01
-8.777066556784129503e+00	-4.573753794156703911e+00
1.989367027565899892e+00	4.548853575720686604e-01
1.283509939669338795e+00	4.581069096798484619e-01
1.831399466546062005e+00	1.311917068101503769e+00
1.407015925876103690e+00	1.397327955778525088e-01
-6.808790846707651667e+00	-4.620629561952246611e+00
-8.926058797527335997e+00	-5.700196060975316614e-01
2.558948111235305856e+00	5.095646807587650429e-01
1.667048320329639122e+00	1.205104485707368389e-01
2.965713930120849717e+00	1.043089455544244259e+00
1.509598179771090898e+00	7.623294671134990264e-01
-3.036635375077708865e+00	2.621276783669126420e+00
2.650095636713928116e+00	6.162315200003845028e-01
-6.438629318045068217e-01	3.048523839352878628e+00
-4.470765760776577835e+00	-1.211944522924345291e+00
-5.861867585587862806e+00	3.067602454803687984e+00
2.213541448256763466e+00	2.849896480473885774e-01
-5.788323048164095042e+00	4.759877395229931141e-01
2.207057715061343739e+00	5.771103690232692873e-01
-5.628456937449113795e+00	1.533451542301855208e-01
2.534144613408412461e+00	9.414957637992378281e-01
-8.574863564262777516e+00	-5.057894253852358801e+00
1.079937491510634118e-01	-3.860217471492521479e+00
-2.606869377967631518e+00	3.609723561059542951e-01
-3.049522066093502737e+00	-6.668005088369903799e-01
-8.395723491804629290e+00	-6.569844979496358484e+00
1.858420041646426935e+00	7.317769253544327279e-01
2.516327910331717987e+00	7.457190267517621596e-03
-2.286534754374789813e+00	3.474552563961765372e+00
2.748517752914969581e+00	8.123270773717702342e-01
-9.352452566916515053e+00	-4.534787716179758732e+00
-8.579696002666977961e+00	-7.377091963899568228e+00
2.032373143243658475e+00	7.690092204786800334e-01
-9.858546010733594045e+00	-5.872784880889062364e+00
-1.070869224355271143e+01	-4.426016015310635154e+00
-8.546062457654809208e+00	-8.344645308142720097e+00
1.606417892260917135e+00	9.345577917524434675e-01
-7.972645785428618126e+00	-6.740516329707579857e+00
-1.121661393902676096e+01	-4.332577893260634028e+00
-1.645999986231043710e+00	1.432500345239362094e+00
1.732315310471425063e+00	3.398332655835664129e-01
-3.288075986164207709e+00	-6.101690620384897512e-01
1.443018027925305757e+00	1.923730411410828900e+00
-9.344817855778975613e+00	-7.181969170602655161e+00
2.140270553734262560e+00	-1.111653210510235024e-01
-7.322742114715660833e+00	-1.289382042495726299e+00
2.221423201752173782e+00	7.773431984180489973e-01
-8.546892921479683380e+00	-5.793836901416742791e+00
-8.934702575835311578e+00	-4.561768446596454751e+00
2.203841760606763067e+00	-1.027990373052633188e+00
-7.412785859866631633e+00	2.458620286836958879e-01
-9.582073371322199051e+00	-6.079460047487451391e+00
-5.901245043522080458e+00	3.610673595729382512e+00
-7.735257232171983688e+00	-5.747375120417079764e+00
-3.101103196353748537e+00	-1.609508295707014369e+00
-5.924505261480271123e+00	3.180307494838952032e+00
-3.294130958369214213e+00	1.153638552193938516e+00
-9.913230301518854759e+00	-5.234074023867993475e+00
-9.511533410050558857e+00	-3.744241820563214862e+00
1.078344738183106610e+00	6.608624310082489295e-01
-2.516557859028158095e+00	1.082635968751542110e+00
-6.002156862614165256e+00	-1.546552773410080350e+00
-8.004031607818145488e+00	-4.536816037463108131e+00
-8.386443489212274116e+00	-4.327126501407265735e+00
-1.021480369373784391e+01	-6.611396107611877682e+00
-1.540992080385666263e+00	-3.588076417598989210e+00
-2.172646088586706270e+00	-2.556127621872259947e+00
1.327446512708986504e+00	4.322643193111441740e-01
1.511533263738339850e+00	1.123890914206590264e+00
2.156753892730790323e+00	1.591390452683792089e+00
-3.394532959917555104e+00	-1.409093918967176506e+00
1.818428461079651726e+00	-2.098317206486921549e-02
-7.483972085133247631e+00	-4.997666633348236687e+00
-8.055294029575875925e+00	-4.666673731160236649e+00
-9.257360803927399573e+00	-5.726545047774910024e+00
1.253044022067004493e+00	6.911630562308352932e-01
2.659960010767314476e+00	9.005764249869618876e-01
-5.832513128512800904e+00	3.509470553038984142e-01
-9.819555694936843437e+00	-4.055328515638176867e+00
-1.072143172778081066e+01	-4.689778288484299118e+00
-4.754827262598403159e+00	-1.850811306879506013e+00
2.964368419907372321e+00	-2.483814296546181799e-01
-9.217604790322953434e+00	-5.464759321313160001e+00
1.587574058936913168e+00	5.936589638292262272e-01
1.869665037771960359e+00	4.373482465221467663e-01
1.407373673946490822e+00	5.768061165855961070e-01
-9.343050761832870421e+00	-5.253490231013390854e+00
2.079462961401461918e+00	8.997054389977512390e-01
-3.882397434760166188e+00	-1.660395810396113170e+00
-2.770163086429870525e+00	1.033449937548332143e+00
1.553391689433855971e+00	2.019227420057010947e-01
1.543021013953230325e+00	8.768344961710019536e-01
-6.732532903636832877e+00	-3.639666500492183543e-02
2.650578291042416712e+00	3.381975125090257439e-01
-7.115316365553043809e+00	-1.552523966877467743e+00
-7.210869983734315092e+00	-1.143660431664666799e+00
2.159187441405788999e+00	1.032324984930227396e-02
-7.841578470641692888e+00	-6.332707923775932279e+00
1.947956850899449810e+00	6.024653136961388711e-02
2.190025724261687401e+00	9.775483717233404146e-01
-6.078931556956810311e+00	1.821841025348958532e+00
-1.072644437393793559e+01	-5.145179614389151723e+00
-4.755560017709738574e+00	-3.174878981438873371e-01
-6.857610002181711906e+00	-2.977575328747250061e-01
-9.413126806231444377e+00	-4.703828782830467681e+00
-1.482653503156587949e+00	1.802211420006344156e+00
1.838581979947068179e+00	1.030475313114520564e+00
4.738860482944486918e-01	-1.651630709436433531e+00
-1.179002058879106141e+00	6.484192696790957999e-04
1.203636961563327112e+00	3.579340594399712527e-01
-8.471446425811814507e+00	-6.874250993151850508e+00
-6.715547166009764979e+00	-2.773940062145721086e+00
-4.541724587184946316e+00	5.020405180293315006e-02
-7.528205939303131977e+00	-1.787656466679985234e+00
-1.035876421797560987e+01	-5.186269009752710879e+00
-6.253983499586365014e+00	-1.047591988149077169e+00
-3.872473496111219049e+00	1.361941018688632710e+00
1.923218622868041683e+00	2.315846134367627318e-01
-8.999252403692970859e+00	-7.200670249907680898e+00
-9.553795240292689783e+00	-4.900511386049290152e+00
-8.038559660598759038e+00	-6.267220630337819287e+00
-1.079492044570678466e+01	-5.300676911033646022e+00
1.779586260956297128e+00	-2.093072802033670854e-01
2.265040363026360026e+00	6.559938196738590577e-01
-9.275362093515740369e+00	-7.831676532151206516e+00
1.912587123267560640e+00	3.583333038540293947e-01
-1.007513975744124224e+01	-5.166140659280097580e+00
-5.031768181049260491e+00	-2.261721149332539760e+00
-5.905414678392986616e+00	9.420613308811219833e-01
-8.716356720024711180e+00	-3.000155916343156370e+00
-5.214739791579518169e+00	-1.677131352272588138e+00
-5.009002539271510734e+00	5.901243471308621480e-01
-9.067363764621442002e+00	-4.909175170379717734e+00
1.669699632018412094e+00	-3.625092135314841313e-01
-7.395455518978677034e+00	-6.697694394830196352e+00
2.550426849706176391e+00	2.429935196319675805e-01
-1.063747260350863044e+01	-3.888318285671722663e+00
-3.057990649196220101e+00	-1.747107503539081730e+00
2.472398393919351900e+00	4.264407771353957433e-01
2.529677315613255484e+00	8.080718470097755235e-01
-7.295033364126162212e-01	2.002463444239102941e+00
-7.108600929237313792e+00	-1.054681972307402793e+00
1.373270424713082694e+00	1.890850512904132419e+00
1.869915717510560516e+00	7.925853242702307622e-01
-3.728686222232280745e+00	-3.492588826131927782e+00
-1.470536654946192900e+00	-6.514229434814076125e-01
2.202345343002577227e+00	9.361418779412495894e-01
-9.056056315405312418e+00	-5.116164756845116734e+00
-9.169582860404844382e+00	-3.932998317934763399e+00
-4.824785177919292956e+00	-6.302377803654769517e-01
1.690772167077614574e+00	3.701396682958115747e-01
-8.391596650437367799e+00	-5.541852484920653410e+00
-2.371637350510071407e+00	-6.772392527141049001e-01
1.897987683692745398e+00	-5.000864344824649255e-01
-8.415925344410849718e+00	-4.070484863567164879e+00
2.863186442340479587e+00	4.436292022350591946e-01
-5.803363138865414328e+00	-2.847321944370302838e+00
-7.937178175063769103e+00	-4.514453511692121168e+00
2.580826299644260136e+00	1.175421006030209048e+00
1.843258502758476025e+00	7.631106261186850759e-01
-1.860593692810470934e+00	-2.033238723818338034e+00
-8.768739149445773151e+00	-5.945912984088035813e+00
1.830691029045954821e+00	2.144542848690705883e-02
-6.891560423291956283e+00	1.943143138785708324e+00
-8.254625060916232826e+00	1.694526872537589046e+00
2.120051430190976749e+00	-2.741649413959390547e-02
1.996961526347343030e+00	5.334981954404111049e-01
-6.600594685390028360e+00	7.381071576684985480e-01
2.358948880470088216e+00	-1.055351736491093595e-01
-4.288385500027691144e+00	1.805323319178843144e+00
-8.615512405876497581e+00	-5.176937573418214811e+00
-9.046791364880068187e+00	-6.316021071610077975e+00
2.831056163760783395e+00	5.702478237638091141e-01
-7.368727063948766087e+00	-4.871292652965541592e+00
2.245662906619930954e+00	1.621763465320508191e-02
-7.020990571785352685e-01	-1.351715065170429053e+00
-8.803196779175221920e+00	-5.586249568728141490e+00
1.032513901034974646e+00	-2.113486681631234765e-01
-2.910643446058367445e+00	-8.863538476405665723e-01
-7.799952645630286341e+00	2.262074797024660466e-01
-8.058936447276375148e+00	-5.564225191451341423e+00
-7.316756669377688205e+00	-4.114941013824956251e+00
-9.735435870315260587e+00	-6.654880741982766024e-01
1.766971160408977060e+00	4.895418730507170579e-01
-9.653622252550889016e+00	-6.125072459332240093e+00
-4.965945341446183825e+00	-2.262271393860205482e+00
2.197456508964758193e+00	7.072688194575894594e-01
-9.966305558929716923e+00	-5.898777171449115286e+00
-8.581830426324716043e+00	-7.222561612908338091e+00
-9.837762560922485022e+00	3.948243114526875708e+00
-9.394362193822439977e+00	-5.774365183185527606e+00
1.359756476901099465e+00	5.259330022429393736e-01
3.211532931616813524e+00	1.261712074429734987e+00
1.385142017387103852e+00	9.539110715453357203e-01
1.485327570064248759e+00	2.364242020068826333e-01
-9.194194368955791674e+00	-5.892271967158594137e+00
-1.262433196699973692e+01	-1.723544660327619660e+00
-7.318400254027321417e+00	-7.030334746236487575e+00
2.040425284314296039e+00	1.039489018631221784e+00
-7.717998870122430688e+00	-1.418788038874403190e+00
1.634568814311010643e+00	3.847721645227902276e-01
-5.199397577589271791e+00	3.327846029360208568e+00
1.438745229289695171e+00	6.166387009850921030e-01
-4.039874019071842959e+00	-2.023092747334128472e+00
-9.114092199424289831e+00	-5.112848458674946528e+00
-9.421272508817153835e+00	-4.631386022669913061e+00
-7.934291205622123755e+00	-5.192398923088441087e+00
-1.035588643027156763e+01	-6.205049631031504198e+00
-7.328657268136806735e+00	-4.400964369745739013e+00
-8.264461561503694043e+00	-4.698835716504532023e+00
1.393497967443308561e+00	1.069654453385516124e+00
-2.782676627287378412e+00	-1.948535784704310547e+00
-9.022694729242932254e+00	-4.365698259762822886e+00
2.081121412819685990e+00	1.218325608659966530e+00
-5.470717566756416517e+00	3.813299110788021196e+00
-9.262537187576594278e+00	-5.072119255877643340e+00
-8.798567792794173670e+00	-7.148560015790688560e+00
-9.641833691293667741e+00	-6.625689978886216025e+00
2.243411923987316925e+00	1.069087101005821716e-01
-7.417408599921213153e+00	-4.062528318552247608e-01
-8.555451300964330485e+00	-5.035368003422989069e+00
1.089951672528143289e+00	1.438454028641424909e-01
1.646458424741930715e+00	1.210719843459535205e+00
-1.000370314030797125e+00	-1.255603491767924629e+00
1.580521563318794342e+00	2.584683560061296070e-01
2.388621935509543714e+00	4.442754472361176710e-02
1.899376451233914409e+00	8.130397222856289297e-01
-2.778909834484971419e+00	1.396544521573532593e+00
-5.667372804574502432e+00	4.582971209357169506e+00
-8.147798210219306725e+00	-4.878821277170504622e+00
6.849501172701459861e-01	5.632810873448621525e-01
1.761584469693725952e+00	1.399485878932050564e+00
1.917392753836359542e+00	2.333432265732727218e-01
-3.465902496909755381e+00	8.184164728004567069e-01
-1.076695868882340790e+01	-4.060868426839297385e+00
-5.149525224726932748e+00	-2.925359425540535740e-01
1.775269682373874724e+00	5.762723823197433148e-01
-7.982809163822820686e+00	2.951190574322591242e+00
2.151679084746082271e+00	-1.148120211137600988e-01
1.411208708781288568e+00	7.806722292769860960e-01
-9.199884809597831392e+00	-6.288214107139803666e+00
-9.213800434130227757e+00	-6.332982749082315621e+00
1.908233446896282715e+00	3.579058169164749392e-01
2.423712834070713917e+00	-2.004498421334636182e-01
-5.983748014483494693e+00	-6.480553708414324099e+00
-7.613221858608172354e+00	-5.590643549105037913e+00
-8.999443659040458954e+00	-5.145635658223758568e+00
2.440730592059853876e+00	5.408833100168599639e-01
-8.992939211551535195e+00	-4.799269444060295875e+00
-8.763983390679308982e+00	-4.455401436361494660e+00
-8.707387577957806712e+00	-6.057452179025522021e+00
-2.549569496607326347e+00	8.078426650192370717e-01
-4.923935737719284056e+00	-2.883486833101041480e+00
-5.155537578494897133e+00	1.383279082885132016e+00
2.039050033116181382e+00	8.464129726594028513e-01
-7.151976649119726304e+00	-6.013683649809294707e+00
2.239727955868000109e+00	3.091866891783714433e-01
-7.442493736685542594e+00	1.216174783299746487e+00
-9.956645364230686468e+00	-6.052123886405972542e+00
-8.893007981885755697e+00	-4.156208158427239674e+00
-5.098054014244919330e-01	9.667015315487893501e-01
-9.296453786761940563e+00	-4.134620236460002651e+00
-6.149308678376130821e+00	-5.691218911233548283e+00
2.069989095936125345e+00	1.035034631871503574e+00
-8.999334966117670476e+00	-5.154267793142711440e+00
-8.240016342310424236e+00	-5.499106838413569953e+00
1.999248685013568894e+00	5.369952264280744014e-01
-8.174171264494686895e+00	-5.086174567239867272e+00
-8.937611896425572411e+00	-5.005264304434753342e+00
-8.441042281561211169e+00	1.437924086566368054e+00
-8.771117287117897732e+00	-4.838488693037811039e+00
-7.320048782419053879e+00	2.469849083087443664e-01
-8.307239276014126261e+00	-4.085452907643256637e+00
-6.005130865699468856e+00	-2.467046321438570722e-01
-7.382089652134171232e+00	-5.634106645952650538e+00
-1.926047562160548843e+00	-2.038132761454039432e+00
2.711297845392468098e+00	1.734181155992311929e+00
-2.838472027332674674e+00	4.466623215630374788e-02
-6.245474992513138091e+00	-4.227750820523414887e-01
3.106233213222879375e+00	1.526522331689612044e-01
-4.899063619905977163e+00	3.340870406213615196e-01
-6.570200069322188696e+00	5.253223721459360229e-01
2.388941572925011414e+00	4.102265896386034782e-01
-1.121090170512530015e+01	1.758054038427903976e+00
1.901255902315615032e-01	2.158423333425811386e+00
-7.899883860564754556e+00	-6.232373811866646740e+00
-1.376291119443322053e+00	-2.741991387169278038e+00
2.327739215702622655e+00	3.965913702171006139e-01
2.322696168917822934e+00	8.208530556832328573e-01
-7.193471150402942271e+00	-8.284939874370888191e+00
-5.258645161879043073e-01	-2.908886139951376570e-01
2.527416196417143990e+00	1.669775082379747699e+00
-9.726035921916896143e+00	-2.384213483370750675e-01
-8.362402798505339518e+00	-6.328731130775279823e+00
-1.085714670695628392e+01	-5.995256860547630851e+00
-3.971290273948139493e+00	2.830399467848990547e+00
-9.958776475873483136e+00	-6.649058808893305361e+00
-3.094957078661587424e+00	1.436147152678665107e-01
2.723404694683916993e+00	-1.366087106906221926e-01
1.503088448650512499e+00	8.505762511798993231e-01
-1.047765460147286554e+01	-5.468705250594639189e+00
1.018079739041751530e+00	6.160464996498414836e-01
1.843729146023992405e+00	1.204993723508685499e-01
2.583640406049185767e+00	5.162744508524954590e-01
-1.401685893701365870e+00	1.885629939149609191e+00
-5.726564142078792941e+00	-1.903899518015665926e+00
-2.075683296798533917e-01	3.393033770622044809e+00
-4.964058750211124860e+00	-9.961007712207272657e-01
-1.021171253731203343e+01	-5.195108098951394027e+00
-9.377887810125407952e+00	-7.760775292832283512e+00
-3.686145428090753740e+00	-3.492173226958956267e+00
1.839556436471658341e+00	5.204328847383397072e-01
-9.140738720198285705e+00	-6.542375119592003685e+00
-5.970312269329341781e+00	-1.588784700169100894e+00
1.484272769851737284e+00	1.882911714198421405e-01
-9.820510293057667539e+00	-3.585189894509817954e+00
1.680115003335062251e+00	4.710024581740218097e-01
1.676542853009680201e+00	8.239037321258515512e-01
-1.741037626018029805e+00	2.781526323692840474e+00
-4.115128492321852072e+00	3.541547382565439217e-01
-9.958592399389567973e+00	-6.008756301443765047e+00
-1.027016980332296470e+01	-5.199851197331443409e+00
-9.046394299288859742e+00	-5.232851209869833653e+00
-6.027278655919325878e+00	4.371186550661943393e+00
1.820123313974860046e+00	1.269353222942724901e+00
-3.547271381799803613e+00	-8.857762608991687214e-02
-9.451052989741972610e+00	-6.634013569562122292e+00
1.544623201008028524e+00	5.198366665029702238e-01
-4.570527602128330535e+00	1.971871026406706751e+00
2.533458247543777020e+00	3.158457000400971548e-01
-3.263437674516056042e+00	1.063289837051833775e+00
-7.819545989378717366e+00	-2.829654004569325476e+00
2.328497263476606349e+00	1.364616939026519926e+00
-6.885946986429333450e+00	-5.724297730206517443e+00
2.065321295596803886e+00	7.669021004389193763e-01
-8.493893223775687673e+00	-6.652329184382711702e+00
2.335781755774412272e+00	8.438643174884865594e-01
-2.662696808218946387e+00	-8.441101747751842410e-01
3.033857317127762521e+00	3.201145998110558333e-01
-8.859004280101894224e+00	-5.655936234737886537e+00
-5.072039590456595803e+00	-4.918957552282416934e-01
-3.573816296402206216e+00	1.982063216304215558e+00
-9.937613651229510126e+00	-3.868097995638365205e+00
-9.458498793825649287e+00	-4.522199595775289183e+00
1.441787972230577086e+00	4.867989140928133396e-01
2.082366847702850965e+00	7.711493740463997160e-01
-2.623063406865262515e+00	1.854808984722606358e+00
-5.463610425117273905e+00	7.436172814118222618e-01
-3.181338210888267959e+00	9.718680995704930270e-01
-9.161177124808443040e+00	-5.303399279545377709e+00
-2.359469487587002590e-01	-9.770806033535721635e-01
-8.556479108976137837e+00	-4.797960522807265704e+00
1.738015067630942934e+00	1.981995247424069295e-01
2.622458449375144163e+00	9.363047380218131321e-01
-8.771620737931796086e+00	-7.713477661422586396e-01
-8.001420773090666572e+00	8.409206492678739098e-01
2.473868191566481745e+00	4.804276825207667856e-01
2.562027607219378833e+00	9.946788923349153544e-02
2.003486951443671504e+00	-6.793407136986173711e-03
1.681287452823260420e+00	1.917691560675904849e-01
-9.341532359082345138e+00	-5.499568305036008020e+00
1.825533785369283901e+00	-1.594260001264667936e-01
-5.163367706286683401e-01	-3.026989302722467912e+00
1.581708915776459223e+00	3.906490426189955234e-01
-7.377092258173684414e+00	-6.490242301870132735e+00
-9.887227995840515149e+00	-3.703889852355595202e+00
-9.142078677217099880e+00	-4.971732123831776207e+00
-8.132388849295546507e+00	-5.593188626083723136e+00
-7.990366325280351845e+00	-5.347131046114068198e+00
2.442748318307606858e+00	8.645389610056002372e-01
1.578464508382783738e+00	7.378347416600605779e-01
-9.664962792251834856e+00	-3.517326596932492055e+00
-8.859245793257752410e+00	-6.064276281155360770e+00
1.305507972381896753e+00	2.997443406329426407e-01
-1.025068228009913796e+01	-4.868691878067881618e+00
-7.218951143101916657e+00	-9.397664279109705365e-01
2.551371223315621606e+00	1.481590108070109935e+00
-2.873660727486612387e+00	3.500991184564907766e+00
-7.250775295797895481e+00	7.270373517352729520e-01
-8.925593019560295716e+00	2.915422803822055542e+00
1.316517890144682568e+00	2.014112770749235115e-01
2.185226724078082050e+00	5.910192461284702325e-01
2.324221237233391690e+00	1.090084735765164625e+00
-8.417725796163743723e+00	-6.229585526125461570e+00
-6.215171175884579569e+00	-1.234193001214778151e+00
-9.348180028930856977e+00	-5.904305992652761681e+00
1.719120360724263774e+00	2.224812915384520307e-01
-9.538116342445141171e+00	-4.964853526094101355e+00
1.941206373705226307e+00	8.747194549975471078e-01
1.667417839397472346e+00	5.495060090228476302e-02
-8.001410399388948491e+00	-5.679473563168302874e+00
-1.841926298273546703e+00	-1.485622111536271328e+00
2.036067198644929910e+00	7.060177691654633270e-01
-3.140810675468629132e+00	4.506397014939046208e+00
-8.680537062697201378e+00	-3.078433447682060287e+00
-7.631815133341803836e+00	-5.157675135614439021e+00
1.497470135592823048e+00	6.471044184504761709e-01
-2.606568622916373812e+00	-3.609476420718020329e+00
-8.596715976263080705e+00	-5.878370155861824209e+00
2.685060987636146645e+00	-1.943464742718035154e-01
-8.362809663419790596e+00	-5.676997583219264953e+00
2.031094988215920605e+00	5.594936538931718495e-01
2.094101700166122626e+00	1.107931490953236509e+00
1.946531962594843179e+00	6.230067318533305532e-01
1.776354247194183555e+00	-3.606694593217572020e-01
1.966262713720364097e+00	-1.552254305634122034e-01
2.653040570240652762e+00	8.006723701659570480e-01
-2.721594545710195767e+00	-9.731837048427895986e-01
-3.231353737826762273e+00	2.359528574903115405e+00
-6.226617610066954356e+00	2.205794138413323058e+00
2.164729342557558223e+00	-2.098363799831115539e-02
-8.308168512383797832e+00	1.347040799942367695e+00
-7.450411698529572746e+00	-6.564088523148003951e+00
1.357301578842063705e+00	6.700687901920920897e-01
2.179257972038914026e+00	5.588988309505301677e-01
-2.693064925043298086e+00	-1.283469162295683086e+00
-8.393513147133813135e+00	-6.099627276197774783e+00
-7.556833620538483842e+00	-5.323416384848578708e+00
-2.677538991830157311e+00	5.309394377534432108e-01
-3.174341118066355438e+00	-5.270693125469293472e-01
-9.100802542903990044e+00	-5.267445212002775712e+00
1.549286055964048892e+00	1.462432466206080028e-01
1.906712760610131951e+00	8.047841396172001893e-01
-8.621391943065267682e+00	-3.449249077542989816e+00
-2.325428232485197810e+00	-1.126076847792874647e+00
1.557255289545036003e+00	1.109985177395382383e+00
2.552628600963940730e+00	1.079739500243127814e+00
-3.084291989698725978e+00	1.763490050668059306e+00
-4.378347490262012087e+00	8.418451664347771368e-01
-5.095414009024100466e+00	5.031245460551075688e+00
1.437654862219073237e+00	4.765374058162811233e-01
-8.820503319337642978e+00	-5.971204525755202219e+00
-4.178983613662601293e+00	-1.022309639452832153e+00
1.463069984661651279e+00	3.306671995928949226e-01
3.009120222993003413e+00	7.161285125675218577e-01
-8.296709473714280136e+00	-6.063887779276690537e+00
2.143242015551903190e+00	1.277824390969499735e-01
-3.411397841752063620e+00	3.445759607758593079e-02
-7.445806250568856477e+00	-4.927943711318326869e+00
-7.186041029743076791e+00	3.792913287248280252e+00
-7.543518372095042501e+00	-7.268347584191338306e+00
1.719349653420062740e+00	1.203381527145223284e+00
1.679237745567085049e+00	-5.201565551004216914e-02
-8.728242566291887883e+00	-4.628572735118359205e+00
-8.756630089838131070e+00	-4.443267404369378504e+00
-7.695036813946650511e+00	-4.009005118515794663e+00
-6.950195741558935936e+00	-1.868087528879210923e+00
1.199756535083730702e+00	9.555875258211750101e-01
-2.985974334590563828e+00	1.119841588105304542e+00
2.381732978306467796e+00	-8.323352736952749353e-02
2.138748416728780022e+00	5.409816266287645892e-01
-4.179541134056604434e+00	1.478322840417483963e+00
2.308777148891772324e+00	8.674901616474143262e-01
-7.963555975164389622e+00	-5.467007467972829104e+00
-5.170067798894873334e+00	-1.435107763411056725e+00
-2.478800502173493570e+00	-1.335161303630724439e-01
-8.655885733467410859e+00	-4.696329894434854602e+00
2.134600679261783540e+00	-2.184707614663639053e-02
-8.807819934788410521e+00	-6.470345596567668167e+00
2.242173668643865359e+00	4.416159402450840488e-01
-6.700727914307162081e+00	-9.093715036364852233e-01
1.141903317087761716e+00	5.412762660024403871e-01
-9.292505554635647869e+00	-5.640008098269573722e+00
-8.861097694319923335e+00	1.140796562418008309e+00
-6.427739535020620565e+00	-5.178356755612014695e+00
-9.688926228637900095e+00	-6.230276439852501902e+00
-7.481347532492731212e+00	-1.193515954186845418e+00
2.360978324059305855e+00	4.905524217311975077e-01
-6.159192276030879043e+00	-2.339438641618330372e+00
9.710808759105070687e-01	2.311943548526484982e-01
2.346779744038713478e+00	4.352495372313512911e-01
2.302427786983930691e+00	-2.048022697496214573e-01
-7.635549727929067387e+00	-6.307742222049331104e+00
1.753015306723925582e+00	8.625647171935479918e-01
-2.720624650279632739e+00	-1.914392587010133706e+00
2.008947328898776252e+00	7.149576413117286755e-01
-8.058082057572692136e+00	-6.965879993849869223e+00
-4.123054954250100046e+00	-2.748263311138684495e-01
-5.490090067523755835e+00	1.833504737983479016e+00
-8.631857905479922266e+00	-4.705688330278302800e+00
-8.429515838955051521e+00	-7.749214516298581046e+00
2.916392530727582422e+00	3.868849570465943133e-01
-9.544538315668351203e+00	-6.249366720276562148e+00
2.561980373198951000e-01	-1.862714290982876664e+00
2.032021619787540700e+00	4.399704207294518055e-01
-7.541022794553884800e+00	-5.173554569015154314e+00
1.931736594468819845e+00	7.169143755282270103e-03
-9.127823491672513612e+00	-4.748580759862645273e+00
2.254191542711931451e+00	1.138780195169558418e+00
-1.074756927215095637e+01	-5.125495693262101859e+00
-8.697825729493379399e+00	-5.385024605338210257e+00
2.255807776090172467e+00	2.165843878918953247e-01
1.472764096280285706e+00	-2.592227891215133084e+00
-8.250752774731104466e+00	-1.385243300050428283e+00
2.850043371081530275e+00	8.328894160967552640e-01
1.948817840670066248e+00	6.035699260803376598e-01
1.948421351003574609e+00	9.945282966337278818e-01
-4.939511725522214292e-01	-4.189092712504089988e+00
1.294519554020168828e+00	2.370964965439001926e-01
-8.625776304657067683e+00	-4.358715868753495037e+00
-7.942822873002961970e+00	-5.772221110010349321e+00
-1.049628062555615671e+01	-6.491847069169610407e+00
-7.740962558240732427e+00	-6.564113889229791887e+00
2.526519154037143888e+00	6.447696348621485551e-01
-6.111197213022977692e+00	1.471530617464406276e+00
2.369390216026632245e+00	1.057694909626358371e+00
2.052474412642265378e+00	3.013041662122752928e-01
-4.987461751556065082e+00	6.763332268552246784e-01
1.402342080789551693e+00	1.412993003349945820e+00
-9.430007160925693910e+00	-2.067835328924486404e+00
-5.115671216984267744e+00	8.180184391636871055e-01
1.390108957383710653e+00	9.724598639655188670e-01
-7.007275180867761577e+00	-4.137686320758312775e+00
-3.305412136246598909e+00	-3.025869872752140921e+00
-4.013021260604883622e+00	-1.834801825323851610e+00
-8.415011160745432761e+00	-6.359745922210557900e+00
-3.480785994394898442e+00	-3.305543087589203566e+00
-2.669243626942252590e+00	-3.931517272161650034e+00
1.908150393940904799e+00	6.828773676224442202e-02
2.403021410278636694e+00	7.662101135548979869e-01
1.745878598054524611e+00	3.202504284696524595e-01
-8.724316346978705283e+00	-6.379186454113567883e+00
1.580912403579995296e+00	-1.133069258474594942e-02
-9.450179105860806672e+00	-5.925277488227979283e+00
-7.970790797515642900e+00	-4.981230722901547558e+00
-5.365566835074490726e+00	-1.500644138078768508e+00
-6.160431792071150880e+00	-4.073764141181678511e+00
-8.917796503936676444e+00	-4.237337149627793842e+00
-2.092977260231212000e+00	6.809512229410514816e-01
-4.582928116159648013e+00	-1.674819733671001121e+00
-1.097385455162499213e+01	-4.433143913251300638e+00
2.640362502281166535e+00	2.384789392872395664e-01
-6.179508919861357086e+00	-4.655161572258421643e+00
1.230398107277448805e+00	7.576501684133511993e-01
-9.848801758690910901e+00	-4.486347704963059790e+00
1.524528193615116045e+00	-2.832327120071599369e-01
1.124517396183255968e+00	3.264375639130956408e-01
2.545152806480416974e+00	6.666446271671458979e-01
2.539476578852915001e+00	7.373419247666348486e-01
1.900801941888826674e+00	7.293872046670180076e-02
-1.151023635028088776e+01	-4.162843213812080556e+00
2.389972538689999926e+00	3.818666845301359469e-01
1.883064579487188972e+00	7.973098957600214254e-01
-8.801041139245100453e+00	-6.491280077545328098e+00
-7.880348970945751930e+00	-6.938514001868630210e+00
-4.321726904615511344e+00	-2.944431305614742644e+00
-8.731371979285626139e+00	-4.586968683907697297e+00
1.774574812500646637e+00	7.787507095502386179e-01
-5.519465220886806023e+00	1.605885119272114192e+00
1.742346242282782898e+00	5.432530651924210030e-01
-6.315162563572583210e+00	4.748150724977245885e-01
-8.586395659636442801e+00	-6.072631111427506667e+00
-7.507748127732275734e+00	-5.023280883181878487e+00
-1.084489837231983600e+01	-7.553522726562745149e+00
1.899654285609667648e+00	-2.311656682659811723e-01
-8.548136231217689840e+00	-4.800537216263536244e+00
-3.093151675354661734e-01	1.558371287442036346e+00
1.483878764839454689e+00	5.721040487839820221e-01
-8.638334804565383607e+00	-6.099403699899242248e+00
-7.666742105642784466e+00	-5.300097590323150420e+00
-1.081360227882689706e+01	-5.049525330241016796e+00
-1.043085066821211626e+01	-6.234084368027341228e+00
-8.536163941790769982e+00	-5.625843913418276721e+00
-2.289271039890014237e+00	-2.295961219440077361e+00
-2.069335562288200592e+00	-1.920951067014528224e+00
-1.015025753733911884e+01	-4.165858225756325695e+00
-8.405901057585934311e+00	-4.795570271504209892e+00
-3.557846615469717033e+00	1.827136962309904966e+00
-8.121022102232164031e+00	-4.300281980210251653e+00
-3.109975274794775757e+00	-4.663181395407033358e-01
2.430680924495213890e+00	6.889701064863389401e-01
-9.558260265845536452e+00	-4.207130582572707667e+00
-2.314430887025749506e+00	-1.329749363528384798e+00
-2.920574792758651395e+00	-4.458882388012161968e+00
1.514920033189584903e+00	1.197870773779674547e+00
1.591127733007077216e+00	1.517290527412606060e+00
1.838066029446452587e+00	1.367832676622447341e+00
-8.289527958546583974e+00	-4.103330010976549147e+00
-9.191527953847023369e+00	-5.737635721590749860e+00
1.647758358670956325e+00	6.483719882900000897e-01
-7.953404442452255196e+00	8.181932397976253712e-01
-8.612012911508340807e+00	-1.200358206884049039e+00
2.739986426254001906e+00	1.083770194450731861e+00
-4.275288324818747654e+00	1.496728936796709375e+00
1.870718346448992264e+00	5.800652446628437042e-01
-8.862962622586104899e+00	-6.253897680291510497e+00
-5.524761039878047342e+00	2.920432652921226335e+00
1.614990016470871925e+00	-6.076289364112796854e-02
-8.941986829361786349e+00	-5.020903807127505836e+00
-2.297323449234205839e+00	1.077329460100559522e-02
-7.312582935662957695e+00	-3.986559956609631250e+00
-9.551956135955666838e+00	-5.411725191459647810e+00
-6.968460020310540237e+00	-4.859641663154512514e+00
2.399875756043293507e+00	4.197139603212002856e-01
1.582438849064648601e+00	4.710893977716902881e-01
-2.516858492685861926e+00	2.622681221201015322e+00
-1.259115087309978342e+00	-2.724697347587958340e+00
-8.509736563079540517e+00	-5.548222006105011594e+00
1.798294650071506018e+00	3.410060801423809851e-01
-8.223415781922735590e+00	-5.769734414894044150e+00
-2.138575963112354206e+00	-2.848683215933144997e+00
-8.910099662978657520e+00	-4.431166890089698995e+00
-9.408674879194808938e+00	-5.706670925944411721e+00
-8.973095687681601262e+00	-4.478943994938256346e+00
-5.188960172713328767e+00	-1.669917874580017836e+00
-8.561400737723133147e+00	-6.044288586729508417e+00
-1.005448414074703578e+01	-5.436392852475426807e+00
1.106980251790101288e+00	3.440240506475458204e-01
2.159825066901311708e+00	2.046615270629791317e-01
2.333812432480236954e+00	-1.125881262169798891e-01
-4.631447476329010549e+00	2.459140511550007346e+00
2.108069421426358669e+00	1.931145650351058785e-01
1.157315501315083095e+00	1.500127562172869355e-01
-3.684533006815770229e+00	2.517931017581542363e+00
-8.191100768858927239e+00	-5.859890147275826244e+00
-8.209018450267567601e+00	-5.360682227766822017e-01
-1.576493608919737888e+00	1.785020319604109229e+00
1.240426722998717590e+00	6.634456564603928852e-01
-5.006269369949944092e+00	1.712318202623130059e+00
2.557886267716880546e+00	4.782045759030544851e-01
-1.108278662607498788e+01	-6.760130230724132439e+00
1.539668977877290956e+00	-1.183269394086691184e-01
8.041286952633404095e-01	1.426587514064229234e-01
-1.015615387359866695e+01	-6.956891665485356313e+00
-1.626691134572654907e+00	-1.293707201923382843e+00
-1.020108041369319096e+01	-6.525425252567019108e+00
1.542837700632268216e+00	1.436609741752876146e-01
-6.151221783760081330e+00	1.362835730952604574e-01
-1.151473590471435848e+01	-6.694924415944885965e+00
-9.647521934091228601e+00	-5.269310448426802296e+00
2.058212136497465927e+00	4.654362553322108909e-01
-8.800941005684903118e+00	4.977507869472412860e-01
-8.981104302160376918e+00	-5.746658988105250998e+00
-8.465647835381686193e+00	-4.926353273932068788e+00
2.240075540322072456e+00	7.039978521089693686e-01
-1.049906921165079865e+01	-5.585608830789271728e+00
1.512615497288233302e+00	6.149701819353895482e-01
1.955519839809271243e+00	5.020194264428958775e-01
-6.091328502476157425e+00	1.406965142941158042e+00
-2.764440678502069204e-01	-1.481342550781477030e+00
2.450431548226813305e+00	1.014870413697273044e-01
-7.361718975550113342e+00	-4.788827351831398182e+00
2.837797603092046206e+00	4.072116959932922109e-01
1.996159184773663053e+00	6.162684788883512343e-01
-9.761176961035369359e-01	1.980403056218217550e+00
-7.458683385030150603e+00	-4.801524159830924177e+00
2.952517916527598096e+00	1.382127560990539905e+00
-8.472241302534719409e+00	-5.157158789490130069e+00
1.974616734032022869e+00	8.282842303989500499e-01
-2.249869163446764464e+00	-1.126760513889450699e-01
-1.028534257604224855e+01	-6.542283030010690226e+00
-4.365416516797407276e+00	4.791445385786103017e+00
-5.309272186496647450e+00	-3.321177884341371289e+00
2.528011900781712562e+00	7.663149848502931460e-02
2.861941314389176316e+00	-1.309398759345894447e-01
-6.490138824810984808e+00	-4.564600563941962896e+00
-8.064756718003302183e+00	-4.609526024080472517e+00
-1.612876523496922232e+00	-3.375059287800621810e+00
-4.175759180034704698e+00	6.098518962530992127e+00
-2.708878037812930906e+00	-2.442376194996003669e+00
-4.454535276860592141e+00	4.269327976810803893e-01
1.793372329632713758e+00	3.341722498405371722e-01
-1.101322029394562563e+01	-4.083084583119696909e+00
-7.325771780330898153e+00	-5.944625911348799363e+00
2.391720234501704123e+00	-1.352731316182937960e-01
1.382733834402444684e+00	-3.065946678132042136e-01
-7.933763848504158389e+00	9.014342078672993308e-01
-8.978521561450426347e+00	-5.879767219522735289e+00
2.367100317227830431e+00	-6.191957407400880964e-01
-9.567779852047678446e+00	-5.998867818009906649e+00
-1.358126985859080538e+00	-4.645995246545434609e-01
-9.563248313842773740e+00	-4.271287239546434300e+00
-5.424265657444379940e+00	-2.748764254864838108e+00
-2.612871235620305210e+00	-4.202611388344322796e-01
-8.723477963934373136e+00	-5.924992843992597180e+00
-8.946242066542575699e+00	-6.914582403136765976e+00
-6.515621243192018852e+00	-2.047318907824808853e-01
1.137684134833435889e+00	7.750251800047739392e-01
2.184104088200807148e+00	4.343390470092328703e-02
-8.130436762907542914e+00	-6.569799089827350613e+00
-4.570842067707571843e+00	2.936113926737306534e-01
-9.555408482982659990e+00	-3.486566078854381523e+00
-8.588925973066226405e+00	-4.496360072710913869e+00
-6.652444861597611059e+00	-4.858718494418718947e-01
-5.753503970291587777e+00	7.502979114612412515e-01
1.831867664519142735e+00	2.279024427405340614e-02
-1.538555640552266457e+00	-9.207414316821640465e-01
-8.688766161347611927e+00	-5.717160864828305655e+00
-9.216994200824562000e+00	-4.597121773280035129e+00
2.503285144208186264e+00	1.800364267845440680e-01
-9.725989961094247960e+00	-6.526182443304646696e+00
-9.864799634237110482e+00	-5.333179012810886022e+00
-3.482676999512014149e+00	-2.980206444918800379e+00
-9.354612986193355795e+00	-4.835358348067276602e+00
1.749398172639173188e+00	1.008812853890544758e+00
-9.436286343702944279e-01	-2.203242645959525348e+00
1.850134946916785372e+00	1.059877705755853938e+00
-8.562029820761157595e+00	-4.959069159894120560e+00
-8.539527060983598261e+00	-4.179547808307955137e+00
-5.485930301054698255e+00	1.111037578214644883e+00
-8.546496075553884353e+00	-3.886686314675851683e+00
-1.625925534018408669e+00	4.633239996505579272e-01
-5.449149389207393668e+00	-1.529365662381438673e+00
1.796876118831320701e+00	-1.774753854950934517e-01
-9.625016349341692035e+00	-6.742680554790466907e+00
2.731917920898348395e+00	6.636113794756410833e-01
-6.895829140996201367e+00	-3.472093688280298851e-01
-8.526895138096266535e+00	-3.761047702484197508e+00
-7.357077112050665946e+00	-4.414195175787988035e+00
2.296164073745356582e+00	1.375740286527876721e-01
-1.454657705631487996e+00	8.405624710738802685e-01
1.977415542393166081e+00	3.033226006704376476e-01
-9.470115000542456585e+00	-6.628823715954882623e+00
1.508439320857440258e+00	-8.997438826201942241e-02
-5.780591761548330432e+00	-1.888934630267871118e+00
-8.967632406831457459e+00	-5.118940256222421326e+00
-8.967813346010251152e+00	-5.500345311115798275e+00
1.462942494880487443e+00	-4.760511518449717094e-02
-8.424578320056511416e+00	-5.322646635548799132e+00
-7.626309971191282067e+00	-3.034058425206771492e+00
2.756459246288513576e+00	7.307191344791124088e-01
-9.808290079878373646e+00	-3.937633755971869931e+00
-5.597461471192774596e+00	-1.606805980758223784e+00
-8.384762171606821468e+00	-5.700286381648683509e+00
-4.476619746493417651e+00	-2.383187321790781077e+00
-1.101152193487601316e+01	-5.337328561112657077e+00
-6.007693717344846362e+00	-1.934804275963597497e+00
-7.844746119649611771e+00	-1.035461913544177603e+00
-8.753188343022701545e+00	-5.112567890249544611e+00
-6.867092087363953823e+00	-5.766832601085386756e+00
1.846098807111779427e+00	-1.435889600255760845e-01
6.286766042041211922e-01	1.098248187861630143e+00
1.616899181211334913e+00	1.139588920405574024e+00
-6.964732476754941892e+00	3.645100093820334841e+00
1.807924181319755963e+00	1.067440876907093106e+00
-2.490914570754802160e+00	-3.261878168285508028e-01
-1.756926404314084866e+00	1.370925133201886803e+00
-8.177601403929728008e+00	-5.247909654632975318e+00
2.271622459123703308e+00	7.459210325128214913e-01
-9.058047839691910852e+00	-5.906334006838946493e+00
2.163084302486491861e+00	7.459324752374412171e-01
1.733390089582431015e+00	5.773963836848952091e-01
-8.388975915647622017e+00	-2.047180499021877598e+00
-7.567509750547060321e+00	-5.614287921286432059e+00
-1.002731746550388792e+01	-5.820248574965109611e+00
-8.329426248163555258e+00	-3.376530302693047769e+00
-1.092292963405381911e+01	-4.215832410998027413e+00
-2.288871646565656892e+00	-2.313969038402671430e+00
-5.206659465485215854e+00	-2.807221454786410497e+00
-8.811276009286505229e+00	-6.119318265801826584e+00
-5.743428450801852492e+00	3.159912967451417587e-01
-5.610424512083103110e+00	-3.196713277000065578e-01
1.826806505887983656e+00	-5.163455015594315967e-01
-6.940291898365622103e+00	3.076916846627612667e+00
-6.036204708165403332e+00	2.041333668715560545e+00
-9.744184136056217582e+00	-6.083270113291654901e+00
-9.556751995009326706e+00	-5.169511810979945388e+00
-8.527192166934884909e+00	-6.726876241286413816e+00
-2.735175026483132044e+00	-2.571145341335989709e+00
-8.971840276974303308e+00	-6.042117234130714998e+00
-1.036560916107287511e+01	-3.793549538733106630e+00
1.979515743452867627e+00	5.981215823898723416e-01
1.846996718733126652e+00	-3.335778819715576882e-01
-7.837322653920838711e+00	-5.029869889519853920e+00
1.864169195670279500e+00	3.773510096753155407e-01
-9.508219252680556011e+00	-2.383905118629267683e+00
-6.724498495358785632e+00	-6.255242854846359002e+00
-3.315337061786429729e+00	3.644498195795097040e+00
-9.394722571896501506e+00	-4.394165458505486122e+00
-8.336960917982130681e+00	-5.960435661368357785e+00
-8.145691166643109327e+00	-7.001194954819966121e+00
2.149533223604418009e+00	8.338339052200388624e-02
1.677807030668460486e+00	3.988092016850908195e-01
1.341490783758750638e+00	2.377937227378703611e-01
-5.554286744173540846e+00	-1.248064102651337048e+00
1.499233208424421315e+00	5.055860549348116795e-01
-8.094215850782051191e+00	-5.774927393389063468e+00
2.238745684204915154e+00	-6.003145057636027904e-01
-1.110039892967229314e+01	-6.337979400678471542e+00
-7.848158990010416503e+00	-1.530940712013125093e+00
1.993261750658764431e+00	5.170431374303983141e-01
-7.693918803375312976e+00	-6.696189507641804539e+00
-9.116477975871262629e+00	-1.343845445779334735e+00
-6.662245589570107818e+00	1.257696818801630645e+00
-5.584470296272458611e+00	4.948361641739370320e+00
1.869390933076602535e+00	7.222449601462265223e-01
1.728898721058315324e+00	4.327116782138895612e-01
-5.328200453530470782e+00	5.982734709601669199e-01
-7.585679662869474704e+00	-5.341311626305161653e+00
-9.291125107034275743e+00	2.689535531296987969e+00
-8.681065133347713569e+00	-6.190740656411945153e+00
-8.352969968244734034e+00	-6.136615090272411699e+00
-4.386001271862562945e-01	8.018186192823596459e-01
-9.999526567377833075e+00	-4.483097302890031166e+00
-1.105777622012085004e+01	-4.754306056893028654e+00
-3.446779669077829400e+00	2.662102444170860172e-01
2.338169215436633586e+00	9.354333691616729674e-01
-9.473395756144961766e+00	-6.612091416470406102e+00
-8.749329496606184975e+00	-6.663393459988496303e+00
1.684181469010925802e+00	4.839028747382377871e-01
1.551172815812554617e+00	7.007843782246054865e-01
1.197798881056502118e+00	6.565027424810301326e-01
-6.957016518796102389e+00	-6.168294669202298408e+00
-3.925311585639221335e+00	3.972926142336532074e+00
2.117719554425059325e+00	1.066698611308466993e-01
-7.878370521296636397e+00	-4.252540996137837759e+00
1.807749367442576638e+00	4.413435550497328830e-01
2.808917237012823254e+00	7.550781027323982819e-03
-8.716938517420240728e+00	-5.101671999912374744e+00
1.144866994282852879e+00	9.547181979033028121e-01
-1.030393785182382871e+01	-3.774877489970949185e+00
-6.344600503716573137e+00	-1.702054019214125358e+00
-6.336366396489494512e+00	-1.942295704035691628e+00
-7.365650066949058328e+00	3.551769880049772787e+00
-1.154933434705193385e+01	-3.071995651882053480e+00
-4.662869483943826943e+00	3.230209965964083274e+00
-9.524889529288230960e+00	-7.041299107795460088e-01
-9.705823161071547744e+00	-4.815518558747404754e+00
-3.917354585976834613e+00	3.600629971152549125e+00
-9.474292765103964342e+00	-6.417347714732104080e+00
2.068958246399660084e+00	1.140112974433620252e-01
-8.626877609696812499e+00	-6.443753394556456904e+00
1.974872387430191223e+00	2.587611216500432798e-01
-9.302876861267721509e-01	-1.732456683053195112e+00
1.850069866519931105e+00	6.394706205808196042e-01
2.235864651900004496e+00	2.739716184487530071e-01
-9.801308656352226478e+00	-6.306370764418758768e+00
-9.763623148777259786e+00	-3.906115022757655986e+00
-8.349709119539925339e+00	-4.789083214938361976e+00
-7.850598014653881407e+00	-4.760164223966643071e+00
-9.671431658502365636e+00	-5.642545667069802207e+00
-1.009081077375748237e+01	-5.469534833878374691e+00
-3.310585461901838222e+00	-2.201075725184635790e+00
-5.427627901728200754e+00	6.345219338503083062e-01
-1.033911817383079068e+01	-6.604440668884864252e+00
2.838705359825122621e+00	1.369632059977643035e+00
1.543433380382729148e+00	9.745632163520097091e-01
-4.612054474755186817e+00	8.267265767005649302e-01
-1.035315364407738770e+01	-6.618662170384913779e+00
-6.585842723960309009e+00	-2.964555074705272020e+00
-4.615058808242684663e+00	-4.689008478580393158e-01
-4.658343211586744026e+00	-1.808410909667915734e-01
1.403838199104667339e+00	1.539161637667131322e+00
